grade,subject,chapter,mode,board,cached_steps,expected_steps,milestones,quickchecks,status
Grade 10,English,Supplementary Reader - Chapter 1: A Triumph of Surgery,CBSE,CBSE,6,6,6,0,stored
Grade 10,English,Supplementary Reader - Chapter 2: The Thief's Story,CBSE,CBSE,6,6,6,0,stored
Grade 10,English,Supplementary Reader - Chapter 3: The Midnight Visitor,CBSE,CBSE,6,6,6,0,stored
Grade 10,English,Supplementary Reader - Chapter 4: A Question of Trust,CBSE,CBSE,6,6,6,0,stored
Grade 10,English,Supplementary Reader - Chapter 5: Footprints without Feet,CBSE,CBSE,6,6,6,0,stored
Grade 10,English,Supplementary Reader - Chapter 6: The Making of a Scientist,CBSE,CBSE,6,6,6,0,stored
Grade 10,English,Supplementary Reader - Chapter 7: The Necklace,CBSE,CBSE,6,6,6,0,stored
Grade 10,English,Supplementary Reader - Chapter 8: Bholi,CBSE,CBSE,6,6,6,0,stored
Grade 10,English,Supplementary Reader - Chapter 9: The Book That Saved the Earth,CBSE,CBSE,6,6,6,0,stored
Grade 10,English,Text Book - Chapter 1: A Letter to God,CBSE,CBSE,6,6,0,0,already_stored
Grade 10,English,Text Book - Chapter 2: Nelson Mandela: Long Walk to Freedom,CBSE,CBSE,6,6,6,0,stored
Grade 10,English,Text Book - Chapter 3: Two Stories about Flying,CBSE,CBSE,6,6,6,0,stored
Grade 10,English,Text Book - Chapter 4: From the Diary of Anne Frank,CBSE,CBSE,6,6,6,0,stored
Grade 10,English,Text Book - Chapter 5: Glimpses of India,CBSE,CBSE,6,6,6,0,stored
Grade 10,English,Text Book - Chapter 6: Mijbil the Otter,CBSE,CBSE,6,6,6,0,stored
Grade 10,English,Text Book - Chapter 7: Madam Rides the Bus,CBSE,CBSE,6,6,6,0,stored
Grade 10,English,Text Book - Chapter 8: The Sermon at Benares,CBSE,CBSE,6,6,6,0,stored
Grade 10,English,Text Book - Chapter 9: The Proposal,CBSE,CBSE,6,6,6,0,stored
Grade 10,English,Workbook - Chapter 1: A Letter to God,CBSE,CBSE,6,6,6,0,stored
Grade 10,English,Workbook - Chapter 2: Nelson Mandela — Long Walk to Freedom,CBSE,CBSE,6,6,6,0,stored
Grade 10,English,Workbook - Chapter 3: Two Stories About Flying,CBSE,CBSE,6,6,6,0,stored
Grade 10,English,Workbook - Chapter 4: From the Diary of Anne Frank,CBSE,CBSE,6,6,6,0,stored
Grade 10,English,Workbook - Chapter 5: Glimpses of India,CBSE,CBSE,6,6,6,0,stored
Grade 10,English,Workbook - Chapter 6: Mijbil the Otter,CBSE,CBSE,6,6,6,0,stored
Grade 10,English,Workbook - Chapter 7: Madam Rides the Bus,CBSE,CBSE,6,6,6,0,stored
Grade 10,English,Workbook - Chapter 8: The Sermon at Benares,CBSE,CBSE,6,6,6,0,stored
Grade 10,English,Workbook - Chapter 9: The Proposal,CBSE,CBSE,6,6,6,0,stored
Grade 10,Hindi,अध्याय 10: मन्नू भंडारी,CBSE,CBSE,6,6,6,0,stored
Grade 10,Hindi,अध्याय 11: यतींद्र मिश्र,CBSE,CBSE,6,6,6,0,stored
Grade 10,Hindi,अध्याय 12: भदंत आनंद कौसल्यायन,CBSE,CBSE,6,6,6,0,stored
Grade 10,Hindi,अध्याय 1: सूरदास,CBSE,CBSE,6,6,6,0,stored
Grade 10,Hindi,अध्याय 2: तुलसीदास,CBSE,CBSE,6,6,6,0,stored
Grade 10,Hindi,अध्याय 3: जयशंकर प्रसाद,CBSE,CBSE,6,6,6,0,stored
Grade 10,Hindi,अध्याय 4: सूर्यकांत त्रिपाठी 'निराला',CBSE,CBSE,6,6,6,0,stored
Grade 10,Hindi,अध्याय 5: नागार्जुन,CBSE,CBSE,6,6,6,0,stored
Grade 10,Hindi,अध्याय 6: मंगलेश डबराल,CBSE,CBSE,6,6,6,0,stored
Grade 10,Hindi,अध्याय 7: स्वयं प्रकाश,CBSE,CBSE,6,6,6,0,stored
Grade 10,Hindi,अध्याय 8: रामवृक्ष बेनीपुरी,CBSE,CBSE,6,6,6,0,stored
Grade 10,Hindi,अध्याय 9: यशपाल,CBSE,CBSE,6,6,6,0,stored
Grade 10,Maths,Chapter 10: Circles,CBSE,CBSE,6,6,6,0,stored
Grade 10,Maths,Chapter 11: Areas Related to Circles,CBSE,CBSE,6,6,6,0,stored
Grade 10,Maths,Chapter 12: Surface Areas and Volumes,CBSE,CBSE,6,6,6,0,stored
Grade 10,Maths,Chapter 13: Statistics,CBSE,CBSE,6,6,6,1,stored
Grade 10,Maths,Chapter 14: Probability,CBSE,CBSE,6,6,6,0,stored
Grade 10,Maths,Chapter 1: Real Numbers,CBSE,CBSE,6,6,0,0,already_stored
Grade 10,Maths,Chapter 2: Polynomials,CBSE,CBSE,6,6,6,0,stored
Grade 10,Maths,Chapter 3: Pair of Linear Equations in Two Variables,CBSE,CBSE,6,6,6,0,stored
Grade 10,Maths,Chapter 4: Quadratic Equations,CBSE,CBSE,6,6,6,1,stored
Grade 10,Maths,Chapter 5: Arithmetic Progressions,CBSE,CBSE,6,6,6,0,stored
Grade 10,Maths,Chapter 6: Triangles,CBSE,CBSE,6,6,6,0,stored
Grade 10,Maths,Chapter 7: Coordinate Geometry,CBSE,CBSE,6,6,6,0,stored
Grade 10,Maths,Chapter 8: Introduction to Trigonometry,CBSE,CBSE,6,6,6,0,stored
Grade 10,Maths,Chapter 9: Some Applications of Trigonometry,CBSE,CBSE,6,6,6,0,stored
Grade 10,Maths,Exemplar: Areas Related to Circles,CBSE,CBSE,6,6,6,0,stored
Grade 10,Maths,Exemplar: Arithmetic Progressions,CBSE,CBSE,6,6,6,0,stored
Grade 10,Maths,Exemplar: Circles,CBSE,CBSE,6,6,6,0,stored
Grade 10,Maths,Exemplar: Constructions,CBSE,CBSE,6,6,6,0,stored
Grade 10,Maths,Exemplar: Coordinate Geometry,CBSE,CBSE,6,6,6,1,stored
Grade 10,Maths,Exemplar: Introduction to Trigonometry and Its Applications,CBSE,CBSE,6,6,6,0,stored
Grade 10,Maths,Exemplar: Pair of Linear Equations in Two Variables,CBSE,CBSE,6,6,6,0,stored
Grade 10,Maths,Exemplar: Polynomials,CBSE,CBSE,6,6,6,0,stored
Grade 10,Maths,Exemplar: Probability,CBSE,CBSE,6,6,6,0,stored
Grade 10,Maths,Exemplar: Quadratic Equations,CBSE,CBSE,6,6,6,0,stored
Grade 10,Maths,Exemplar: Real Numbers,CBSE,CBSE,6,6,6,0,stored
Grade 10,Maths,Exemplar: Statistics,CBSE,CBSE,6,6,6,0,stored
Grade 10,Maths,Exemplar: Statistics and Probability,CBSE,CBSE,6,6,6,0,stored
Grade 10,Maths,Exemplar: Surface Areas and Volumes,CBSE,CBSE,6,6,6,0,stored
Grade 10,Maths,Exemplar: Triangles,CBSE,CBSE,6,6,6,0,stored
Grade 10,Science,Chapter 10: The Human Eye and the Colourful World,CBSE,CBSE,6,6,6,0,stored
Grade 10,Science,Chapter 11: Electricity,CBSE,CBSE,6,6,6,0,stored
Grade 10,Science,Chapter 12: Magnetic Effects of Electric Current,CBSE,CBSE,6,6,6,0,stored
Grade 10,Science,Chapter 13: Our Environment,CBSE,CBSE,6,6,6,0,stored
Grade 10,Science,Chapter 1: Chemical Reactions and Equations,CBSE,CBSE,6,6,6,0,stored
Grade 10,Science,"Chapter 2: Acids, Bases and Salts",CBSE,CBSE,6,6,6,0,stored
Grade 10,Science,Chapter 3: Metals and Non-metals,CBSE,CBSE,6,6,6,0,stored
Grade 10,Science,Chapter 4: Carbon and Its Compounds,CBSE,CBSE,6,6,6,0,stored
Grade 10,Science,Chapter 5: Life Processes,CBSE,CBSE,6,6,6,0,stored
Grade 10,Science,Chapter 6: Control and Coordination,CBSE,CBSE,6,6,6,0,stored
Grade 10,Science,Chapter 7: How do Organisms Reproduce?,CBSE,CBSE,6,6,6,0,stored
Grade 10,Science,Chapter 8: Heredity,CBSE,CBSE,6,6,6,0,stored
Grade 10,Science,Chapter 9: Light – Reflection and Refraction,CBSE,CBSE,6,6,6,0,stored
Grade 10,Science,"Exemplar: Acids, Bases and Salts",CBSE,CBSE,6,6,6,0,stored
Grade 10,Science,Exemplar: Carbon and Its Compounds,CBSE,CBSE,6,6,6,0,stored
Grade 10,Science,Exemplar: Carbon and Its Compounds (Advanced),CBSE,CBSE,6,6,6,0,stored
Grade 10,Science,Exemplar: Chemical Reactions and Equations,CBSE,CBSE,6,6,6,0,stored
Grade 10,Science,Exemplar: Chemical Reactions and Equations (Advanced),CBSE,CBSE,6,6,6,0,stored
Grade 10,Science,Exemplar: Control and Coordination,CBSE,CBSE,6,6,6,0,stored
Grade 10,Science,Exemplar: Electricity,CBSE,CBSE,6,6,6,0,stored
Grade 10,Science,Exemplar: Heredity and Evolution,CBSE,CBSE,6,6,6,0,stored
Grade 10,Science,Exemplar: How Do Organisms Reproduce,CBSE,CBSE,6,6,6,0,stored
Grade 10,Science,Exemplar: Human Eye and the Colourful World,CBSE,CBSE,6,6,6,0,stored
Grade 10,Science,Exemplar: Life Processes,CBSE,CBSE,6,6,6,0,stored
Grade 10,Science,Exemplar: Light - Reflection and Refraction,CBSE,CBSE,6,6,6,0,stored
Grade 10,Science,Exemplar: Magnetic Effects of Electric Current,CBSE,CBSE,6,6,6,0,stored
Grade 10,Science,Exemplar: Management of Natural Resources,CBSE,CBSE,6,6,6,0,stored
Grade 10,Science,Exemplar: Metals and Non-metals,CBSE,CBSE,6,6,6,1,stored
Grade 10,Science,Exemplar: Our Environment,CBSE,CBSE,6,6,6,0,stored
Grade 10,Science,Exemplar: Periodic Classification of Elements,CBSE,CBSE,6,6,6,0,stored
Grade 10,Science,Exemplar: Sources of Energy,CBSE,CBSE,6,6,6,0,stored
Grade 10,Social Science,Geography - Chapter 1: Resources and Development,CBSE,CBSE,6,6,6,0,stored
Grade 10,Social Science,Geography - Chapter 2: Forest and Wildlife Resources,CBSE,CBSE,6,6,6,0,stored
Grade 10,Social Science,Geography - Chapter 3: Water Resources,CBSE,CBSE,6,6,6,0,stored
Grade 10,Social Science,Geography - Chapter 4: Agriculture,CBSE,CBSE,6,6,6,0,stored
Grade 10,Social Science,Geography - Chapter 5: Minerals and Energy Resources,CBSE,CBSE,6,6,6,0,stored
Grade 10,Social Science,Geography - Chapter 6: Manufacturing Industries,CBSE,CBSE,6,6,6,0,stored
Grade 10,Social Science,Geography - Chapter 7: Lifelines of National Economy,CBSE,CBSE,6,6,6,0,stored
Grade 10,Social Science,History - Chapter 1: The Rise of Nationalism in Europe,CBSE,CBSE,6,6,6,0,stored
Grade 10,Social Science,History - Chapter 2: Nationalism in India,CBSE,CBSE,6,6,6,0,stored
Grade 10,Social Science,History - Chapter 3: The Making of a Global World,CBSE,CBSE,6,6,6,0,stored
Grade 10,Social Science,History - Chapter 4: The Age of Industrialisation,CBSE,CBSE,6,6,6,0,stored
Grade 10,Social Science,History - Chapter 5: Print Culture and the Modern World,CBSE,CBSE,6,6,6,0,stored
Grade 10,Social Science,Political Science - Chapter 1: Power-sharing,CBSE,CBSE,6,6,6,0,stored
Grade 10,Social Science,Political Science - Chapter 2: Federalism,CBSE,CBSE,6,6,6,0,stored
Grade 10,Social Science,"Political Science - Chapter 3: Gender, Religion and Caste",CBSE,CBSE,6,6,6,0,stored
Grade 10,Social Science,Political Science - Chapter 4: Political Parties,CBSE,CBSE,6,6,6,0,stored
Grade 10,Social Science,Political Science - Chapter 5: Outcomes of Democracy,CBSE,CBSE,6,6,6,0,stored
Grade 10,Social Science,Text Book - Chapter 1: Development,CBSE,CBSE,6,6,6,0,stored
Grade 10,Social Science,Text Book - Chapter 2: Sectors of the Indian Economy,CBSE,CBSE,6,6,6,0,stored
Grade 10,Social Science,Text Book - Chapter 3: Money and Credit,CBSE,CBSE,6,6,6,0,stored
Grade 10,Social Science,Text Book - Chapter 4: Globalisation and the Indian Economy,CBSE,CBSE,6,6,6,0,stored
Grade 10,Social Science,Text Book - Chapter 5: Consumer Rights,CBSE,CBSE,6,6,6,0,stored
Grade 11,Accountancy,Bank Reconciliation Statement,CBSE,CBSE,5,6,5,0,stored
Grade 11,Accountancy,Bill of Exchange,CBSE,CBSE,5,6,5,0,stored
Grade 11,Accountancy,"Depreciation, Provisions and Reserves",CBSE,CBSE,5,6,5,0,stored
Grade 11,Accountancy,Financial Statements – I,CBSE,CBSE,5,6,5,0,stored
Grade 11,Accountancy,Introduction to Accounting,CBSE,CBSE,5,6,5,0,stored
Grade 11,Accountancy,Recording of Transactions – I,CBSE,CBSE,5,6,5,0,stored
Grade 11,Accountancy,Recording of Transactions – II,CBSE,CBSE,5,6,5,0,stored
Grade 11,Accountancy,Theory Base of Accounting,CBSE,CBSE,5,6,5,0,stored
Grade 11,Accountancy,Trial Balance and Rectification of Errors,CBSE,CBSE,5,6,5,0,stored
Grade 11,Biology,Anatomy of Flowering Plants,CBSE,CBSE,5,6,5,0,stored
Grade 11,Biology,Animal Kingdom,CBSE,CBSE,5,6,5,0,stored
Grade 11,Biology,Biological Classification,CBSE,CBSE,5,6,5,0,stored
Grade 11,Biology,Biomolecules,CBSE,CBSE,5,6,5,0,stored
Grade 11,Biology,Body Fluids and Circulation,CBSE,CBSE,5,6,5,0,stored
Grade 11,Biology,Breathing and Exchange of Gases,CBSE,CBSE,5,6,5,0,stored
Grade 11,Biology,Cell Cycle and Cell Division,CBSE,CBSE,5,6,5,0,stored
Grade 11,Biology,Cell: The Unit of Life,CBSE,CBSE,5,6,5,0,stored
Grade 11,Biology,Digestion and Absorption,CBSE,CBSE,5,6,5,0,stored
Grade 11,Biology,Excretory Products and Their Elimination,CBSE,CBSE,5,6,5,0,stored
Grade 11,Biology,Exemplar: Anatomy of Flowering Plants,CBSE,CBSE,5,6,5,0,stored
Grade 11,Biology,Exemplar: Animal Kingdom,CBSE,CBSE,5,6,5,0,stored
Grade 11,Biology,Exemplar: Biological Classification,CBSE,CBSE,5,6,5,0,stored
Grade 11,Biology,Exemplar: Biomolecules,CBSE,CBSE,5,6,5,0,stored
Grade 11,Biology,Exemplar: Body Fluids and Circulation,CBSE,CBSE,5,6,5,0,stored
Grade 11,Biology,Exemplar: Breathing and Exchange of Gases,CBSE,CBSE,5,6,5,0,stored
Grade 11,Biology,Exemplar: Cell Cycle and Cell Division,CBSE,CBSE,5,6,5,0,stored
Grade 11,Biology,Exemplar: Cell: The Unit of Life,CBSE,CBSE,5,6,5,0,stored
Grade 11,Biology,Exemplar: Chemical Coordination and Integration,CBSE,CBSE,5,6,5,0,stored
Grade 11,Biology,Exemplar: Digestion and Absorption,CBSE,CBSE,5,6,5,0,stored
Grade 11,Biology,Exemplar: Excretory Products and Their Elimination,CBSE,CBSE,5,6,5,0,stored
Grade 11,Biology,Exemplar: Locomotion and Movement,CBSE,CBSE,5,6,5,0,stored
Grade 11,Biology,Exemplar: Mineral Nutrition,CBSE,CBSE,5,6,5,0,stored
Grade 11,Biology,Exemplar: Morphology of Flowering Plants,CBSE,CBSE,5,6,5,0,stored
Grade 11,Biology,Exemplar: Neural Control and Coordination,CBSE,CBSE,5,6,5,0,stored
Grade 11,Biology,Exemplar: Photosynthesis in Higher Plants,CBSE,CBSE,5,6,5,0,stored
Grade 11,Biology,Exemplar: Plant Growth and Development,CBSE,CBSE,5,6,5,0,stored
Grade 11,Biology,Exemplar: Plant Kingdom,CBSE,CBSE,5,6,5,0,stored
Grade 11,Biology,Exemplar: Respiration in Plants,CBSE,CBSE,5,6,5,0,stored
Grade 11,Biology,Exemplar: Structural Organisation in Animals,CBSE,CBSE,5,6,5,0,stored
Grade 11,Biology,Exemplar: The Living World,CBSE,CBSE,5,6,5,0,stored
Grade 11,Biology,Exemplar: Transport in Plants,CBSE,CBSE,5,6,5,0,stored
Grade 11,Biology,Mineral Nutrition,CBSE,CBSE,5,6,5,0,stored
Grade 11,Biology,Morphology of Flowering Plants,CBSE,CBSE,5,6,5,0,stored
Grade 11,Biology,Photosynthesis in Higher Plants,CBSE,CBSE,5,6,5,0,stored
Grade 11,Biology,Plant Growth and Development,CBSE,CBSE,5,6,5,0,stored
Grade 11,Biology,Plant Kingdom,CBSE,CBSE,5,6,5,0,stored
Grade 11,Biology,Respiration in Plants,CBSE,CBSE,5,6,5,0,stored
Grade 11,Biology,Structural Organisation in Animals,CBSE,CBSE,5,6,5,0,stored
Grade 11,Biology,The Living World,CBSE,CBSE,5,6,5,0,stored
Grade 11,Biology,Transport in Plants,CBSE,CBSE,5,6,5,0,stored
Grade 11,Business Studies,Business Services,CBSE,CBSE,5,6,5,0,stored
Grade 11,Business Studies,"Business, Trade and Commerce",CBSE,CBSE,5,6,5,0,stored
Grade 11,Business Studies,Emerging Modes of Business,CBSE,CBSE,5,6,5,0,stored
Grade 11,Business Studies,Formation of a Company,CBSE,CBSE,5,6,5,0,stored
Grade 11,Business Studies,Forms of Business Organisation,CBSE,CBSE,5,6,5,0,stored
Grade 11,Business Studies,Internal Trade,CBSE,CBSE,5,6,5,0,stored
Grade 11,Business Studies,"Private, Public and Global Enterprises",CBSE,CBSE,5,6,5,0,stored
Grade 11,Business Studies,Small Business,CBSE,CBSE,5,6,5,0,stored
Grade 11,Business Studies,Social Responsibilities of Business and Business Ethics,CBSE,CBSE,5,6,5,0,stored
Grade 11,Business Studies,Sources of Business Finance,CBSE,CBSE,5,6,5,0,stored
Grade 11,Chemistry,Chemical Bonding and Molecular Structure,CBSE,CBSE,5,6,5,0,stored
Grade 11,Chemistry,Classification of Elements and Periodicity in Properties,CBSE,CBSE,5,6,5,0,stored
Grade 11,Chemistry,Equilibrium,CBSE,CBSE,5,6,5,0,stored
Grade 11,Chemistry,Hydrogen,CBSE,CBSE,5,6,5,0,stored
Grade 11,Chemistry,Redox Reactions,CBSE,CBSE,5,6,5,0,stored
Grade 11,Chemistry,Some Basic Concepts of Chemistry,CBSE,CBSE,5,6,5,0,stored
Grade 11,Chemistry,States of Matter,CBSE,CBSE,5,6,5,0,stored
Grade 11,Chemistry,Structure of Atom,CBSE,CBSE,5,6,5,0,stored
Grade 11,Chemistry,Thermodynamics,CBSE,CBSE,5,6,5,0,stored
Grade 11,Economics,Collection of Data,CBSE,CBSE,5,6,5,0,stored
Grade 11,Economics,Correlation,CBSE,CBSE,5,6,5,0,stored
Grade 11,Economics,"Employment: Growth, Informalisation and Other Issues",CBSE,CBSE,5,6,5,0,stored
Grade 11,Economics,Human Capital Formation in India,CBSE,CBSE,5,6,5,0,stored
Grade 11,Economics,Index Numbers,CBSE,CBSE,5,6,5,0,stored
Grade 11,Economics,Indian Economy 1950–1990,CBSE,CBSE,5,6,5,0,stored
Grade 11,Economics,Indian Economy on the Eve of Independence,CBSE,CBSE,5,6,5,0,stored
Grade 11,Economics,Infrastructure,CBSE,CBSE,5,6,5,0,stored
Grade 11,Economics,Introduction to Statistics,CBSE,CBSE,5,6,5,0,stored
Grade 11,Economics,"Liberalisation, Privatisation and Globalisation",CBSE,CBSE,5,6,5,0,stored
Grade 11,Economics,Measures of Central Tendency,CBSE,CBSE,5,6,5,0,stored
Grade 11,Economics,Measures of Dispersion,CBSE,CBSE,5,6,5,0,stored
Grade 11,Economics,Organisation of Data,CBSE,CBSE,5,6,5,0,stored
Grade 11,Economics,Poverty,CBSE,CBSE,5,6,5,0,stored
Grade 11,Economics,Presentation of Data,CBSE,CBSE,5,6,5,0,stored
Grade 11,Economics,Rural Development,CBSE,CBSE,5,6,5,0,stored
Grade 11,English,Discovering Tut: the Saga Continues,CBSE,CBSE,5,6,5,0,stored
Grade 11,English,Landscape of the Soul,CBSE,CBSE,5,6,5,0,stored
Grade 11,English,The Ailing Planet: The Green Movement's Role,CBSE,CBSE,5,6,5,0,stored
Grade 11,English,The Portrait of a Lady,CBSE,CBSE,5,6,5,0,stored
Grade 11,English,We're Not Afraid to Die,CBSE,CBSE,5,6,5,0,stored
Grade 11,Geography,Climate,CBSE,CBSE,5,6,5,0,stored
Grade 11,Geography,Distribution of Oceans and Continents,CBSE,CBSE,5,6,5,0,stored
Grade 11,Geography,Drainage System,CBSE,CBSE,5,6,5,0,stored
Grade 11,Geography,Geography as a Discipline,CBSE,CBSE,5,6,5,0,stored
Grade 11,Geography,Geomorphic Processes,CBSE,CBSE,5,6,5,0,stored
Grade 11,Geography,Human Settlements,CBSE,CBSE,5,6,5,0,stored
Grade 11,Geography,India — Location,CBSE,CBSE,5,6,5,0,stored
Grade 11,Geography,Interior of the Earth,CBSE,CBSE,5,6,5,0,stored
Grade 11,Geography,Migration,CBSE,CBSE,5,6,5,0,stored
Grade 11,Geography,Minerals and Rocks,CBSE,CBSE,5,6,5,0,stored
Grade 11,Geography,Natural Hazards and Disasters,CBSE,CBSE,5,6,5,0,stored
Grade 11,Geography,Natural Vegetation,CBSE,CBSE,5,6,5,0,stored
Grade 11,Geography,Population,CBSE,CBSE,5,6,5,0,stored
Grade 11,Geography,Soils,CBSE,CBSE,5,6,5,0,stored
Grade 11,Geography,Structure and Physiography,CBSE,CBSE,5,6,5,0,stored
Grade 11,Geography,The Origin and Evolution of the Earth,CBSE,CBSE,5,6,5,0,stored
Grade 11,Hindi,Anubhav,CBSE,CBSE,5,6,5,0,stored
Grade 11,Hindi,Awara Masiha,CBSE,CBSE,5,6,5,0,stored
Grade 11,Hindi,Husain Ki Kahani Apni Zubani,CBSE,CBSE,5,6,5,0,stored
Grade 11,Hindi,Mera Baap Bada Na Mera Chacha,CBSE,CBSE,5,6,5,0,stored
Grade 11,Hindi,Namak,CBSE,CBSE,5,6,5,0,stored
Grade 11,History,An Empire Across Three Continents,CBSE,CBSE,5,6,5,0,stored
Grade 11,History,Changing Cultural Traditions,CBSE,CBSE,5,6,5,0,stored
Grade 11,History,Confrontation of Cultures,CBSE,CBSE,5,6,5,0,stored
Grade 11,History,Displacing Indigenous Peoples,CBSE,CBSE,5,6,5,0,stored
Grade 11,History,From the Beginning of Time,CBSE,CBSE,5,6,5,0,stored
Grade 11,History,Nomadic Empires,CBSE,CBSE,5,6,5,0,stored
Grade 11,History,Paths to Modernisation,CBSE,CBSE,5,6,5,0,stored
Grade 11,History,The Central Islamic Lands,CBSE,CBSE,5,6,5,0,stored
Grade 11,History,The Industrial Revolution,CBSE,CBSE,5,6,5,0,stored
Grade 11,History,The Three Orders,CBSE,CBSE,5,6,5,0,stored
Grade 11,History,Writing and City Life,CBSE,CBSE,5,6,5,0,stored
Grade 11,Mathematics,Binomial Theorem,CBSE,CBSE,5,6,5,3,stored
Grade 11,Mathematics,Complex Numbers and Quadratic Equations,CBSE,CBSE,5,6,5,0,stored
Grade 11,Mathematics,Exemplar: Binomial Theorem,CBSE,CBSE,5,6,5,0,stored
Grade 11,Mathematics,Exemplar: Complex Numbers and Quadratic Equations,CBSE,CBSE,5,6,5,0,stored
Grade 11,Mathematics,Exemplar: Conic Sections,CBSE,CBSE,5,6,5,0,stored
Grade 11,Mathematics,Exemplar: Introduction to Three Dimensional Geometry,CBSE,CBSE,5,6,5,0,stored
Grade 11,Mathematics,Exemplar: Limits and Derivatives,CBSE,CBSE,5,6,5,0,stored
Grade 11,Mathematics,Exemplar: Linear Inequalities,CBSE,CBSE,5,6,5,0,stored
Grade 11,Mathematics,Exemplar: Mathematical Reasoning,CBSE,CBSE,5,6,5,0,stored
Grade 11,Mathematics,Exemplar: Permutations and Combinations,CBSE,CBSE,5,6,5,1,stored
Grade 11,Mathematics,Exemplar: Principle of Mathematical Induction,CBSE,CBSE,5,6,5,0,stored
Grade 11,Mathematics,Exemplar: Probability,CBSE,CBSE,5,6,5,0,stored
Grade 11,Mathematics,Exemplar: Relations and Functions,CBSE,CBSE,5,6,5,0,stored
Grade 11,Mathematics,Exemplar: Sequences and Series,CBSE,CBSE,5,6,5,0,stored
Grade 11,Mathematics,Exemplar: Sets,CBSE,CBSE,5,6,5,2,stored
Grade 11,Mathematics,Exemplar: Statistics,CBSE,CBSE,5,6,5,0,stored
Grade 11,Mathematics,Exemplar: Straight Lines,CBSE,CBSE,5,6,5,0,stored
Grade 11,Mathematics,Exemplar: Trigonometric Functions,CBSE,CBSE,5,6,5,0,stored
Grade 11,Mathematics,Linear Inequalities,CBSE,CBSE,5,6,5,0,stored
Grade 11,Mathematics,Permutations and Combinations,CBSE,CBSE,5,6,5,1,stored
Grade 11,Mathematics,Principle of Mathematical Induction,CBSE,CBSE,5,6,5,1,stored
Grade 11,Mathematics,Relations and Functions,CBSE,CBSE,5,6,5,1,stored
Grade 11,Mathematics,Sequences and Series,CBSE,CBSE,5,6,5,0,stored
Grade 11,Mathematics,Sets,CBSE,CBSE,5,6,5,0,stored
Grade 11,Mathematics,Straight Lines,CBSE,CBSE,5,6,5,0,stored
Grade 11,Mathematics,Trigonometric Functions,CBSE,CBSE,5,6,5,1,stored
Grade 11,Physics,Gravitation,CBSE,CBSE,5,6,5,0,stored
Grade 11,Physics,Kinetic Theory,CBSE,CBSE,5,6,5,0,stored
Grade 11,Physics,Laws of Motion,CBSE,CBSE,5,6,5,0,stored
Grade 11,Physics,Mechanical Properties of Fluids,CBSE,CBSE,5,6,5,0,stored
Grade 11,Physics,Mechanical Properties of Solids,CBSE,CBSE,5,6,5,0,stored
Grade 11,Physics,Motion in a Plane,CBSE,CBSE,5,6,5,0,stored
Grade 11,Physics,Motion in a Straight Line,CBSE,CBSE,5,6,5,0,stored
Grade 11,Physics,Oscillations,CBSE,CBSE,5,6,5,0,stored
Grade 11,Physics,PYQ: B Tech 2nd Apr 2026 Shift 1,CBSE,CBSE,5,6,5,0,stored
Grade 11,Physics,PYQ: B Tech 2nd Apr 2026 Shift 2,CBSE,CBSE,5,6,5,0,stored
Grade 11,Physics,PYQ: B Tech 4th Apr 2026 Shift 1,CBSE,CBSE,5,6,5,0,stored
Grade 11,Physics,PYQ: B Tech 4th Apr 2026 Shift 2,CBSE,CBSE,5,6,5,0,stored
Grade 11,Physics,PYQ: B Tech 5th Apr 2026 Shift 1,CBSE,CBSE,5,6,5,0,stored
Grade 11,Physics,PYQ: B Tech 5th Apr 2026 Shift 2,CBSE,CBSE,5,6,5,0,stored
Grade 11,Physics,PYQ: B Tech 6th Apr 2026 Shift 1,CBSE,CBSE,5,6,5,0,stored
Grade 11,Physics,PYQ: B Tech 6th Apr 2026 Shift 2,CBSE,CBSE,5,6,5,0,stored
Grade 11,Physics,PYQ: B Tech 8th Apr 2026 Shift 2,CBSE,CBSE,5,6,5,0,stored
Grade 11,Physics,Physical World,CBSE,CBSE,5,6,5,0,stored
Grade 11,Physics,Systems of Particles and Rotational Motion,CBSE,CBSE,5,6,5,0,stored
Grade 11,Physics,Thermal Properties of Matter,CBSE,CBSE,5,6,5,0,stored
Grade 11,Physics,Thermodynamics,CBSE,CBSE,5,6,5,0,stored
Grade 11,Physics,Units and Measurements,CBSE,CBSE,6,6,0,0,already_stored
Grade 11,Physics,"Work, Energy and Power",CBSE,CBSE,5,6,5,0,stored
Grade 11,Political Science,Citizenship,CBSE,CBSE,5,6,5,0,stored
Grade 11,Political Science,Constitution: Why and How?,CBSE,CBSE,5,6,5,0,stored
Grade 11,Political Science,Development,CBSE,CBSE,5,6,5,0,stored
Grade 11,Political Science,Election and Representation,CBSE,CBSE,5,6,5,0,stored
Grade 11,Political Science,Equality,CBSE,CBSE,5,6,5,0,stored
Grade 11,Political Science,Executive,CBSE,CBSE,5,6,5,0,stored
Grade 11,Political Science,Federalism,CBSE,CBSE,5,6,5,0,stored
Grade 11,Political Science,Freedom,CBSE,CBSE,5,6,5,0,stored
Grade 11,Political Science,Judiciary,CBSE,CBSE,5,6,5,0,stored
Grade 11,Political Science,Legislature,CBSE,CBSE,5,6,5,0,stored
Grade 11,Political Science,Local Governments,CBSE,CBSE,5,6,5,0,stored
Grade 11,Political Science,Nationalism,CBSE,CBSE,5,6,5,0,stored
Grade 11,Political Science,Peace,CBSE,CBSE,5,6,5,0,stored
Grade 11,Political Science,Political Theory: An Introduction,CBSE,CBSE,5,6,5,0,stored
Grade 11,Political Science,Rights,CBSE,CBSE,5,6,5,0,stored
Grade 11,Political Science,Rights in the Indian Constitution,CBSE,CBSE,5,6,5,0,stored
Grade 11,Political Science,Secularism,CBSE,CBSE,5,6,5,0,stored
Grade 11,Political Science,Social Justice,CBSE,CBSE,5,6,5,0,stored
Grade 12,Accountancy,Accounting Ratios,CBSE,CBSE,5,6,5,0,stored
Grade 12,Accountancy,Accounting for Not-for-Profit Organisations,CBSE,CBSE,5,6,5,0,stored
Grade 12,Accountancy,Accounting for Partnership: Basic Concepts,CBSE,CBSE,5,6,5,0,stored
Grade 12,Accountancy,Accounting for Share Capital,CBSE,CBSE,5,6,5,0,stored
Grade 12,Accountancy,Analysis of Financial Statements,CBSE,CBSE,5,6,5,0,stored
Grade 12,Accountancy,Dissolution of Partnership Firm,CBSE,CBSE,5,6,5,0,stored
Grade 12,Accountancy,Financial Statements of a Company,CBSE,CBSE,5,6,5,0,stored
Grade 12,Accountancy,Issue and Redemption of Debentures,CBSE,CBSE,5,6,5,0,stored
Grade 12,Accountancy,Reconstitution of a Partnership Firm – Admission of a Partner,CBSE,CBSE,5,6,5,0,stored
Grade 12,Accountancy,Reconstitution of a Partnership Firm – Retirement/Death of a Partner,CBSE,CBSE,5,6,5,0,stored
Grade 12,Biology,Biotechnology and its Applications,CBSE,CBSE,5,6,5,0,stored
Grade 12,Biology,Biotechnology: Principles and Processes,CBSE,CBSE,5,6,5,0,stored
Grade 12,Biology,Evolution,CBSE,CBSE,5,6,5,0,stored
Grade 12,Biology,Exemplar: Animal Husbandry,CBSE,CBSE,5,6,5,0,stored
Grade 12,Biology,Exemplar: Biodiversity and Conservation,CBSE,CBSE,5,6,5,0,stored
Grade 12,Biology,Exemplar: Biotechnology and Its Applications,CBSE,CBSE,5,6,5,0,stored
Grade 12,Biology,Exemplar: Biotechnology: Principles and Processes,CBSE,CBSE,5,6,5,0,stored
Grade 12,Biology,Exemplar: Ecosystem,CBSE,CBSE,5,6,5,0,stored
Grade 12,Biology,Exemplar: Environmental Issues,CBSE,CBSE,5,6,5,0,stored
Grade 12,Biology,Exemplar: Evolution,CBSE,CBSE,5,6,5,0,stored
Grade 12,Biology,Exemplar: Human Health and Disease,CBSE,CBSE,5,6,5,1,stored
Grade 12,Biology,Exemplar: Human Reproduction,CBSE,CBSE,5,6,5,0,stored
Grade 12,Biology,Exemplar: Microbes in Human Welfare,CBSE,CBSE,5,6,5,0,stored
Grade 12,Biology,Exemplar: Molecular Basis of Inheritance,CBSE,CBSE,5,6,5,0,stored
Grade 12,Biology,Exemplar: Organisms and Populations,CBSE,CBSE,5,6,5,0,stored
Grade 12,Biology,Exemplar: Principles of Inheritance and Variation,CBSE,CBSE,5,6,5,0,stored
Grade 12,Biology,Exemplar: Reproductive Health,CBSE,CBSE,5,6,5,0,stored
Grade 12,Biology,Exemplar: Sexual Reproduction in Flowering Plants,CBSE,CBSE,5,6,5,0,stored
Grade 12,Biology,Exemplar: Strategies for Enhancement in Food Production,CBSE,CBSE,5,6,5,0,stored
Grade 12,Biology,Human Health and Disease,CBSE,CBSE,5,6,5,0,stored
Grade 12,Biology,Human Reproduction,CBSE,CBSE,5,6,5,0,stored
Grade 12,Biology,Microbes in Human Welfare,CBSE,CBSE,5,6,5,0,stored
Grade 12,Biology,Molecular Basis of Inheritance,CBSE,CBSE,5,6,5,0,stored
Grade 12,Biology,Organisms and Populations,CBSE,CBSE,5,6,5,0,stored
Grade 12,Biology,Principles of Inheritance and Variation,CBSE,CBSE,5,6,5,0,stored
Grade 12,Biology,Reproduction in Organisms,CBSE,CBSE,5,6,5,0,stored
Grade 12,Biology,Reproductive Health,CBSE,CBSE,5,6,5,0,stored
Grade 12,Biology,Sexual Reproduction in Flowering Plants,CBSE,CBSE,5,6,5,0,stored
Grade 12,Biology,Strategies for Enhancement in Food Production,CBSE,CBSE,5,6,5,0,stored
Grade 12,Business Studies,Business Environment,CBSE,CBSE,5,6,5,0,stored
Grade 12,Business Studies,Controlling,CBSE,CBSE,5,6,5,0,stored
Grade 12,Business Studies,Directing,CBSE,CBSE,5,6,5,0,stored
Grade 12,Business Studies,Financial Management,CBSE,CBSE,5,6,5,0,stored
Grade 12,Business Studies,Financial Markets,CBSE,CBSE,5,6,5,0,stored
Grade 12,Business Studies,Marketing Management,CBSE,CBSE,5,6,5,0,stored
Grade 12,Business Studies,Nature and Significance of Management,CBSE,CBSE,5,6,5,0,stored
Grade 12,Business Studies,Organising,CBSE,CBSE,5,6,5,0,stored
Grade 12,Business Studies,Planning,CBSE,CBSE,5,6,5,0,stored
Grade 12,Business Studies,Principles of Management,CBSE,CBSE,5,6,5,0,stored
Grade 12,Business Studies,Staffing,CBSE,CBSE,5,6,5,0,stored
Grade 12,Chemistry,Chemical Kinetics,CBSE,CBSE,5,6,5,0,stored
Grade 12,Chemistry,Coordination Compounds,CBSE,CBSE,5,6,5,0,stored
Grade 12,Chemistry,Electrochemistry,CBSE,CBSE,5,6,5,0,stored
Grade 12,Chemistry,General Principles and Processes of Isolation of Elements,CBSE,CBSE,5,6,5,0,stored
Grade 12,Chemistry,Haloalkanes and Haloarenes,CBSE,CBSE,5,6,5,0,stored
Grade 12,Chemistry,Solutions,CBSE,CBSE,5,6,5,0,stored
Grade 12,Chemistry,Surface Chemistry,CBSE,CBSE,5,6,5,0,stored
Grade 12,Chemistry,The Solid State,CBSE,CBSE,5,6,5,0,stored
Grade 12,Chemistry,The d- and f-Block Elements,CBSE,CBSE,5,6,5,0,stored
Grade 12,Chemistry,The p-Block Elements,CBSE,CBSE,5,6,5,0,stored
Grade 12,Economics,Determination of Income and Employment,CBSE,CBSE,5,6,5,0,stored
Grade 12,Economics,Government Budget and the Economy,CBSE,CBSE,5,6,5,0,stored
Grade 12,Economics,Introduction to Macroeconomics,CBSE,CBSE,5,6,5,0,stored
Grade 12,Economics,Money and Banking,CBSE,CBSE,5,6,5,0,stored
Grade 12,Economics,National Income Accounting,CBSE,CBSE,5,6,5,0,stored
Grade 12,Economics,Open Economy Macroeconomics,CBSE,CBSE,5,6,5,0,stored
Grade 12,English,Deep Water,CBSE,CBSE,5,6,5,0,stored
Grade 12,English,Going Places,CBSE,CBSE,5,6,5,0,stored
Grade 12,English,Indigo,CBSE,CBSE,5,6,5,0,stored
Grade 12,English,Lost Spring,CBSE,CBSE,5,6,5,0,stored
Grade 12,English,Poets and Pancakes,CBSE,CBSE,5,6,5,0,stored
Grade 12,English,The Interview,CBSE,CBSE,5,6,5,0,stored
Grade 12,English,The Last Lesson,CBSE,CBSE,5,6,5,0,stored
Grade 12,English,The Rattrap,CBSE,CBSE,5,6,5,0,stored
Grade 12,Geography,Human Development,CBSE,CBSE,5,6,5,0,stored
Grade 12,Geography,Human Geography: Nature and Scope,CBSE,CBSE,5,6,5,0,stored
Grade 12,Geography,Population Composition,CBSE,CBSE,5,6,5,0,stored
Grade 12,Geography,Primary Activities,CBSE,CBSE,5,6,5,0,stored
Grade 12,Geography,Secondary Activities,CBSE,CBSE,5,6,5,0,stored
Grade 12,Geography,Tertiary and Quaternary Activities,CBSE,CBSE,5,6,5,0,stored
Grade 12,Geography,"The World Population: Distribution, Density and Growth",CBSE,CBSE,5,6,5,0,stored
Grade 12,Geography,Transport and Communication,CBSE,CBSE,5,6,5,0,stored
Grade 12,Hindi,Ateet Mein Dab Paon,CBSE,CBSE,5,6,5,0,stored
Grade 12,Hindi,Jooze,CBSE,CBSE,5,6,5,0,stored
Grade 12,Hindi,Silver Wedding,CBSE,CBSE,5,6,5,0,stored
Grade 12,History,An Imperial Capital: Vijayanagara,CBSE,CBSE,5,6,5,0,stored
Grade 12,History,Bhakti-Sufi Traditions: Changes in Religious Beliefs,CBSE,CBSE,5,6,5,0,stored
Grade 12,History,"Bricks, Beads and Bones: The Harappan Civilisation",CBSE,CBSE,5,6,5,0,stored
Grade 12,History,"Colonial Cities: Urbanisation, Planning and Architecture",CBSE,CBSE,5,6,5,0,stored
Grade 12,History,Colonialism and the Countryside: Exploring Official Archives,CBSE,CBSE,5,6,5,0,stored
Grade 12,History,Kings and Chronicles: The Mughal Courts,CBSE,CBSE,5,6,5,0,stored
Grade 12,History,"Kings, Farmers and Towns: Early States and Economies",CBSE,CBSE,5,6,5,0,stored
Grade 12,History,"Kinship, Caste and Class: Early Societies",CBSE,CBSE,5,6,5,0,stored
Grade 12,History,Mahatma Gandhi and the Nationalist Movement: Civil Disobedience and Beyond,CBSE,CBSE,5,6,5,0,stored
Grade 12,History,"Peasants, Zamindars and the State: Agrarian Society and the Mughal Empire",CBSE,CBSE,5,6,5,0,stored
Grade 12,History,Rebels and the Raj: The Revolt of 1857 and its Representations,CBSE,CBSE,5,6,5,0,stored
Grade 12,History,"Thinkers, Beliefs and Buildings: Cultural Developments",CBSE,CBSE,5,6,5,0,stored
Grade 12,History,Through the Eyes of Travellers: Perceptions of Society,CBSE,CBSE,5,6,5,0,stored
Grade 12,History,"Understanding Partition: Politics, Memories, Experiences",CBSE,CBSE,5,6,5,0,stored
Grade 12,Mathematics,Application of Derivatives,CBSE,CBSE,5,6,5,1,stored
Grade 12,Mathematics,Application of Integrals,CBSE,CBSE,5,6,5,1,stored
Grade 12,Mathematics,Continuity and Differentiability,CBSE,CBSE,5,6,5,0,stored
Grade 12,Mathematics,Determinants,CBSE,CBSE,5,6,5,0,stored
Grade 12,Mathematics,Differential Equations,CBSE,CBSE,5,6,5,1,stored
Grade 12,Mathematics,Exemplar: Application of Derivatives,CBSE,CBSE,5,6,5,1,stored
Grade 12,Mathematics,Exemplar: Application of Integrals,CBSE,CBSE,5,6,5,1,stored
Grade 12,Mathematics,Exemplar: Continuity and Differentiability,CBSE,CBSE,5,6,5,1,stored
Grade 12,Mathematics,Exemplar: Determinants,CBSE,CBSE,5,6,5,1,stored
Grade 12,Mathematics,Exemplar: Differential Equations,CBSE,CBSE,5,6,5,1,stored
Grade 12,Mathematics,Exemplar: Integrals,CBSE,CBSE,5,6,5,1,stored
Grade 12,Mathematics,Exemplar: Inverse Trigonometric Functions,CBSE,CBSE,5,6,5,2,stored
Grade 12,Mathematics,Exemplar: Linear Programming,CBSE,CBSE,5,6,5,2,stored
Grade 12,Mathematics,Exemplar: Matrices,CBSE,CBSE,5,6,5,0,stored
Grade 12,Mathematics,Exemplar: Probability,CBSE,CBSE,5,6,5,0,stored
Grade 12,Mathematics,Exemplar: Relations and Functions,CBSE,CBSE,5,6,5,1,stored
Grade 12,Mathematics,Exemplar: Three Dimensional Geometry,CBSE,CBSE,5,6,5,0,stored
Grade 12,Mathematics,Exemplar: Vector Algebra,CBSE,CBSE,5,6,5,0,stored
Grade 12,Mathematics,Integrals,CBSE,CBSE,5,6,5,2,stored
Grade 12,Mathematics,Inverse Trigonometric Functions,CBSE,CBSE,5,6,5,2,stored
Grade 12,Mathematics,Linear Programming,CBSE,CBSE,5,6,5,0,stored
Grade 12,Mathematics,Matrices,CBSE,CBSE,5,6,5,2,stored
Grade 12,Mathematics,Probability,CBSE,CBSE,5,6,5,0,stored
Grade 12,Mathematics,Relations and Functions,CBSE,CBSE,5,6,5,0,stored
Grade 12,Mathematics,Three Dimensional Geometry,CBSE,CBSE,5,6,5,0,stored
Grade 12,Mathematics,Vector Algebra,CBSE,CBSE,5,6,5,0,stored
Grade 12,Physics,Alternating Current,CBSE,CBSE,5,6,5,0,stored
Grade 12,Physics,Atoms,CBSE,CBSE,5,6,5,0,stored
Grade 12,Physics,Current Electricity,CBSE,CBSE,5,6,5,0,stored
Grade 12,Physics,Dual Nature of Radiation and Matter,CBSE,CBSE,5,6,5,0,stored
Grade 12,Physics,Electric Charges and Fields,CBSE,CBSE,5,6,5,0,stored
Grade 12,Physics,Electromagnetic Induction,CBSE,CBSE,5,6,5,0,stored
Grade 12,Physics,Electromagnetic Waves,CBSE,CBSE,5,6,5,0,stored
Grade 12,Physics,Electrostatic Potential and Capacitance,CBSE,CBSE,5,6,5,0,stored
Grade 12,Physics,Exemplar: Alternating Current,CBSE,CBSE,5,6,5,0,stored
Grade 12,Physics,Exemplar: Atoms,CBSE,CBSE,5,6,5,0,stored
Grade 12,Physics,Exemplar: Communication Systems,CBSE,CBSE,5,6,5,0,stored
Grade 12,Physics,Exemplar: Current Electricity,CBSE,CBSE,5,6,5,0,stored
Grade 12,Physics,Exemplar: Dual Nature of Radiation and Matter,CBSE,CBSE,5,6,5,0,stored
Grade 12,Physics,Exemplar: Electric Charges and Fields,CBSE,CBSE,5,6,5,1,stored
Grade 12,Physics,Exemplar: Electromagnetic Induction,CBSE,CBSE,5,6,5,0,stored
Grade 12,Physics,Exemplar: Electromagnetic Waves,CBSE,CBSE,5,6,5,0,stored
Grade 12,Physics,Exemplar: Electrostatic Potential and Capacitance,CBSE,CBSE,5,6,5,0,stored
Grade 12,Physics,Exemplar: Magnetism and Matter,CBSE,CBSE,5,6,5,0,stored
Grade 12,Physics,Exemplar: Moving Charges and Magnetism,CBSE,CBSE,5,6,5,0,stored
Grade 12,Physics,Exemplar: Nuclei,CBSE,CBSE,5,6,5,0,stored
Grade 12,Physics,Exemplar: Ray Optics and Optical Instruments,CBSE,CBSE,5,6,5,1,stored
Grade 12,Physics,"Exemplar: Semiconductor Electronics: Materials, Devices and Simple Circuits",CBSE,CBSE,5,6,5,0,stored
Grade 12,Physics,Exemplar: Wave Optics,CBSE,CBSE,5,6,5,0,stored
Grade 12,Physics,Magnetism and Matter,CBSE,CBSE,5,6,5,0,stored
Grade 12,Physics,Moving Charges and Magnetism,CBSE,CBSE,5,6,5,0,stored
Grade 12,Physics,Nuclei,CBSE,CBSE,5,6,5,0,stored
Grade 12,Physics,PYQ: B Tech 2nd Apr 2026 Shift 1,CBSE,CBSE,5,6,5,0,stored
Grade 12,Physics,PYQ: B Tech 2nd Apr 2026 Shift 2,CBSE,CBSE,5,6,5,0,stored
Grade 12,Physics,PYQ: B Tech 4th Apr 2026 Shift 1,CBSE,CBSE,5,6,5,0,stored
Grade 12,Physics,PYQ: B Tech 4th Apr 2026 Shift 2,CBSE,CBSE,5,6,5,0,stored
Grade 12,Physics,PYQ: B Tech 5th Apr 2026 Shift 1,CBSE,CBSE,5,6,5,0,stored
Grade 12,Physics,PYQ: B Tech 5th Apr 2026 Shift 2,CBSE,CBSE,5,6,5,0,stored
Grade 12,Physics,PYQ: B Tech 6th Apr 2026 Shift 1,CBSE,CBSE,5,6,5,0,stored
Grade 12,Physics,PYQ: B Tech 6th Apr 2026 Shift 2,CBSE,CBSE,5,6,5,0,stored
Grade 12,Physics,PYQ: B Tech 8th Apr 2026 Shift 2,CBSE,CBSE,5,6,5,0,stored
Grade 12,Physics,Ray Optics and Optical Instruments,CBSE,CBSE,5,6,5,0,stored
Grade 12,Physics,Semiconductor Electronics,CBSE,CBSE,5,6,5,0,stored
Grade 12,Physics,Wave Optics,CBSE,CBSE,5,6,5,0,stored
Grade 12,Political Science,Alternative Centres of Power,CBSE,CBSE,5,6,5,0,stored
Grade 12,Political Science,Challenges of Nation Building,CBSE,CBSE,5,6,5,0,stored
Grade 12,Political Science,Challenges to and Restoration of the Congress System,CBSE,CBSE,5,6,5,0,stored
Grade 12,Political Science,Contemporary South Asia,CBSE,CBSE,5,6,5,0,stored
Grade 12,Political Science,Environment and Natural Resources,CBSE,CBSE,5,6,5,0,stored
Grade 12,Political Science,Era of One-Party Dominance,CBSE,CBSE,5,6,5,0,stored
Grade 12,Political Science,India's External Relations,CBSE,CBSE,5,6,5,0,stored
Grade 12,Political Science,International Organisations,CBSE,CBSE,5,6,5,0,stored
Grade 12,Political Science,Politics of Planned Development,CBSE,CBSE,5,6,5,0,stored
Grade 12,Political Science,Rise of Popular Movements,CBSE,CBSE,5,6,5,0,stored
Grade 12,Political Science,Security in the Contemporary World,CBSE,CBSE,5,6,5,0,stored
Grade 12,Political Science,The Cold War Era,CBSE,CBSE,5,6,5,0,stored
Grade 12,Political Science,The Crisis of Democratic Order,CBSE,CBSE,5,6,5,0,stored
Grade 12,Political Science,The End of Bipolarity,CBSE,CBSE,5,6,5,0,stored
Grade 12,Political Science,US Hegemony in World Politics,CBSE,CBSE,5,6,5,0,stored
Grade 5,EVS,Chapter 10: Earth — Our Shared Home,CBSE,CBSE,3,3,3,0,stored
Grade 5,EVS,Chapter 1: Water — The Essence of Life,CBSE,CBSE,3,3,3,0,stored
Grade 5,EVS,Chapter 2: Journey of a River,CBSE,CBSE,3,3,3,0,stored
Grade 5,EVS,Chapter 3: The Mystery of Food,CBSE,CBSE,3,3,3,0,stored
Grade 5,EVS,Chapter 4: Our School — A Happy Place,CBSE,CBSE,3,3,3,0,stored
Grade 5,EVS,Chapter 5: Our Vibrant Country,CBSE,CBSE,3,3,3,0,stored
Grade 5,EVS,Chapter 6: Some Unique Places,CBSE,CBSE,3,3,3,0,stored
Grade 5,EVS,Chapter 7: Energy — How Things Work,CBSE,CBSE,3,3,3,0,stored
Grade 5,EVS,Chapter 8: Clothes — How Things are Made,CBSE,CBSE,3,3,3,0,stored
Grade 5,EVS,Chapter 9: Rhythms of Nature,CBSE,CBSE,3,3,3,0,stored
Grade 5,English,1. Papa's Spectacles,CBSE,CBSE,6,3,0,0,already_stored
Grade 5,English,10. Glass Bangles,CBSE,CBSE,3,3,3,0,stored
Grade 5,English,2. Gone with the Scooter,CBSE,CBSE,3,3,3,0,stored
Grade 5,English,3. The Rainbow,CBSE,CBSE,3,3,3,0,stored
Grade 5,English,4. The Wise Parrot,CBSE,CBSE,3,3,3,0,stored
Grade 5,English,5. The Frog,CBSE,CBSE,3,3,3,0,stored
Grade 5,English,6. What a Tank!,CBSE,CBSE,3,3,3,0,stored
Grade 5,English,7. Gilli Danda,CBSE,CBSE,3,3,3,0,stored
Grade 5,English,8. The Decision of the Panchayat,CBSE,CBSE,3,3,3,0,stored
Grade 5,English,9. Vocation,CBSE,CBSE,3,3,3,0,stored
Grade 5,Hindi,1. किरन,CBSE,CBSE,4,3,3,0,stored
Grade 5,Hindi,10. तीन मछलियाँ,CBSE,CBSE,3,3,3,0,stored
Grade 5,Hindi,11. हमारे ये कलामंदिर,CBSE,CBSE,3,3,3,0,stored
Grade 5,Hindi,12. गंगा की कहानी,CBSE,CBSE,3,3,3,0,stored
Grade 5,Hindi,2. न्याय की कु सी,CBSE,CBSE,3,3,3,0,stored
Grade 5,Hindi,3. चाँद का कु रता,CBSE,CBSE,3,3,3,0,stored
Grade 5,Hindi,4. साङके न,CBSE,CBSE,3,3,3,0,stored
Grade 5,Hindi,5. सुंदरिया,CBSE,CBSE,3,3,3,0,stored
Grade 5,Hindi,6. चतुर चित्रकार,CBSE,CBSE,3,3,3,0,stored
Grade 5,Hindi,7. मेरा बचपन,CBSE,CBSE,3,3,3,0,stored
Grade 5,Hindi,8. काजीरंगा राष्ट्ीय उद्ान की यात्,CBSE,CBSE,3,3,3,0,stored
Grade 5,Hindi,9. न्याय,CBSE,CBSE,3,3,3,0,stored
Grade 5,Maths,Chapter 10: Symmetrical Designs,CBSE,CBSE,3,3,3,0,stored
Grade 5,Maths,Chapter 11: Grandmother’s Quilt,CBSE,CBSE,3,3,3,0,stored
Grade 5,Maths,Chapter 12: Racing Seconds,CBSE,CBSE,3,3,3,0,stored
Grade 5,Maths,Chapter 13: Animal Jumps,CBSE,CBSE,3,3,3,0,stored
Grade 5,Maths,Chapter 14: Maps and Locations,CBSE,CBSE,3,3,3,0,stored
Grade 5,Maths,Chapter 15: Data Through Pictures,CBSE,CBSE,3,3,3,0,stored
Grade 5,Maths,Chapter 1: We the Travellers — I,CBSE,CBSE,4,3,3,0,stored
Grade 5,Maths,Chapter 2: Fractions,CBSE,CBSE,3,3,3,1,stored
Grade 5,Maths,Chapter 3: Angles as Turns,CBSE,CBSE,3,3,3,1,stored
Grade 5,Maths,Chapter 4: We the Travellers — II,CBSE,CBSE,3,3,3,0,stored
Grade 5,Maths,Chapter 5: Far and Near,CBSE,CBSE,3,3,3,0,stored
Grade 5,Maths,Chapter 6: The Dairy Farm,CBSE,CBSE,3,3,3,1,stored
Grade 5,Maths,Chapter 7: Shapes and Patterns,CBSE,CBSE,3,3,3,0,stored
Grade 5,Maths,Chapter 8: Weight and Capacity,CBSE,CBSE,3,3,3,0,stored
Grade 5,Maths,Chapter 9: Coconut Farm,CBSE,CBSE,3,3,3,0,stored
Grade 5,Maths,Shapes and Angles,CBSE,CBSE,3,3,3,0,stored
Grade 5,Maths,The Fish Tale,CBSE,CBSE,3,3,3,0,stored
Grade 6,English,Unit 1: Fables and Folk Tales,CBSE,CBSE,4,4,0,0,already_stored
Grade 6,English,Unit 2: Friendship,CBSE,CBSE,4,4,4,0,stored
Grade 6,English,Unit 3: Nurturing Nature,CBSE,CBSE,4,4,4,0,stored
Grade 6,English,Unit 4: Sports and Wellness,CBSE,CBSE,4,4,4,0,stored
Grade 6,English,Unit 5: Culture and Tradition,CBSE,CBSE,4,4,4,0,stored
Grade 6,Hindi,1. मातृभूमि,CBSE,CBSE,4,4,0,0,already_stored
Grade 6,Hindi,10. परीक्ा,CBSE,CBSE,4,4,4,0,stored
Grade 6,Hindi,11. चेतक की वीरता,CBSE,CBSE,4,4,4,0,stored
Grade 6,Hindi,12. हिंद महासागर में छोटा-सा हिंदुस्ान,CBSE,CBSE,4,4,4,0,stored
Grade 6,Hindi,13. पेड़ की बात,CBSE,CBSE,4,4,4,1,stored
Grade 6,Hindi,2. गोल,CBSE,CBSE,4,4,4,0,stored
Grade 6,Hindi,3. पहली बूँद,CBSE,CBSE,4,4,4,1,stored
Grade 6,Hindi,4. हार की जीत,CBSE,CBSE,4,4,4,0,stored
Grade 6,Hindi,5. रहीम के दोहे,CBSE,CBSE,4,4,4,0,stored
Grade 6,Hindi,6. मेरी माँ,CBSE,CBSE,4,4,4,0,stored
Grade 6,Hindi,7. जलाते चलो,CBSE,CBSE,4,4,4,0,stored
Grade 6,Hindi,8. समरिया और मबहू नृत्य,CBSE,CBSE,4,4,4,0,stored
Grade 6,Hindi,9. मैया मैं नमहं माखन खायो,CBSE,CBSE,4,4,4,0,stored
Grade 6,Maths,Chapter 1 Patterns in Mathematics,CBSE,CBSE,4,4,4,0,stored
Grade 6,Maths,Chapter 10 The Other Side of Zero,CBSE,CBSE,4,4,4,0,stored
Grade 6,Maths,Chapter 2 Lines and Angles,CBSE,CBSE,4,4,4,0,stored
Grade 6,Maths,Chapter 3 Number Play,CBSE,CBSE,4,4,0,0,already_stored
Grade 6,Maths,Chapter 4 Data Handling and Presentation,CBSE,CBSE,4,4,4,0,stored
Grade 6,Maths,Chapter 5 Prime Time,CBSE,CBSE,4,4,4,0,stored
Grade 6,Maths,Chapter 6 Perimeter and Area,CBSE,CBSE,4,4,4,0,stored
Grade 6,Maths,Chapter 7 Fractions,CBSE,CBSE,4,4,4,0,stored
Grade 6,Maths,Chapter 8 Playing with Constructions,CBSE,CBSE,4,4,4,0,stored
Grade 6,Maths,Chapter 9 Symmetry,CBSE,CBSE,4,4,4,0,stored
Grade 6,Science,Chapter 10: Living Creatures: Exploring their Characteristics,CBSE,CBSE,4,4,4,0,stored
Grade 6,Science,Chapter 11: Nature’s Treasures,CBSE,CBSE,4,4,4,0,stored
Grade 6,Science,Chapter 12: Beyond Earth,CBSE,CBSE,4,4,4,0,stored
Grade 6,Science,Chapter 1: The Wonderful World of Science,CBSE,CBSE,4,4,0,0,already_stored
Grade 6,Science,Chapter 2: Diversity in the Living World,CBSE,CBSE,4,4,4,0,stored
Grade 6,Science,Chapter 3: Mindful Eating: A Path to a Healthy Body,CBSE,CBSE,4,4,4,0,stored
Grade 6,Science,Chapter 4: Exploring Magnets,CBSE,CBSE,4,4,4,0,stored
Grade 6,Science,Chapter 5: Measurement of Length and Motion,CBSE,CBSE,4,4,4,0,stored
Grade 6,Science,Chapter 6: Materials Around Us,CBSE,CBSE,4,4,4,0,stored
Grade 6,Science,Chapter 7: Temperature and its Measurement,CBSE,CBSE,4,4,4,0,stored
Grade 6,Science,Chapter 8: A Journey through States of Water,CBSE,CBSE,4,4,4,0,stored
Grade 6,Science,Chapter 9: Methods of Separation in Everyday Life,CBSE,CBSE,4,4,4,0,stored
Grade 6,Social Science,History - Part 4 - 4. Timeline and Sources of History,CBSE,CBSE,4,4,4,0,stored
Grade 6,Social Science,Text Book - Part 1 - 1. Locating Places on the Earth,CBSE,CBSE,4,4,0,0,already_stored
Grade 6,Social Science,Text Book - Part 10 - 10. Grassroots Democracy — Part 1: Governance,CBSE,CBSE,4,4,4,0,stored
Grade 6,Social Science,Text Book - Part 11 - 11. Grassroots Democracy — Part 2: Local Government in Rural Areas,CBSE,CBSE,4,4,4,0,stored
Grade 6,Social Science,Text Book - Part 12 - 12. Grassroots Democracy — Part 3: Local Government in Urban Areas,CBSE,CBSE,4,4,4,0,stored
Grade 6,Social Science,Text Book - Part 13 - 13. The Value of Work,CBSE,CBSE,4,4,4,0,stored
Grade 6,Social Science,Text Book - Part 14 - 14. Economic Activities Around Us,CBSE,CBSE,4,4,4,0,stored
Grade 6,Social Science,Text Book - Part 2 - 2. Oceans and Continents,CBSE,CBSE,4,4,4,0,stored
Grade 6,Social Science,Text Book - Part 3 - 3. Landforms and Life,CBSE,CBSE,4,4,4,0,stored
Grade 6,Social Science,"Text Book - Part 5 - 5. India, That Is Bharat",CBSE,CBSE,4,4,4,0,stored
Grade 6,Social Science,Text Book - Part 6 - 6. The Beginnings of Indian Civilisation,CBSE,CBSE,4,4,4,0,stored
Grade 6,Social Science,Text Book - Part 7 - 7. India's Cultural Roots,CBSE,CBSE,4,4,4,0,stored
Grade 6,Social Science,"Text Book - Part 8 - 8. Unity in Diversity, or 'Many in the One'",CBSE,CBSE,4,4,4,0,stored
Grade 6,Social Science,Text Book - Part 9 - 9. Family and Community,CBSE,CBSE,4,4,4,0,stored
Grade 7,English,Chapter Travel and Adventure,CBSE,CBSE,4,4,4,0,stored
Grade 7,English,Unit 1: LEARNING TOGETHER,CBSE,CBSE,4,4,4,0,stored
Grade 7,English,Unit 2: WIT AND HUMOUR,CBSE,CBSE,4,4,4,0,stored
Grade 7,English,Unit 3: DREAMS AND DISCOVERIES,CBSE,CBSE,4,4,4,0,stored
Grade 7,English,Unit 5: Bravehearts,CBSE,CBSE,4,4,4,0,stored
Grade 7,Hindi,पाठ 10: मुीरा का़े पाद,CBSE,CBSE,4,4,4,0,stored
Grade 7,Hindi,"पाठ 1: माँ, कह एक कहानी",CBSE,CBSE,4,4,4,0,stored
Grade 7,Hindi,पाठ 2: तीन बुद्धमान,CBSE,CBSE,4,4,4,0,stored
Grade 7,Hindi,पाठ 3: फ ू ल और काँटा,CBSE,CBSE,4,4,4,0,stored
Grade 7,Hindi,पाठ 4: पानी रे पानी,CBSE,CBSE,4,4,4,0,stored
Grade 7,Hindi,पाठ 5: नहीं होना बीमार,CBSE,CBSE,4,4,4,0,stored
Grade 7,Hindi,पाठ 6: िगरधर किवराय की क ुं डिलया,CBSE,CBSE,4,4,4,0,stored
Grade 7,Hindi,पाठ 7: वषार्-बहार,CBSE,CBSE,4,4,4,0,stored
Grade 7,Hindi,पाठ 8: िबरजू महाराज से साक्षाार,CBSE,CBSE,4,4,4,0,stored
Grade 7,Hindi,पाठ 9: धिधड़या,CBSE,CBSE,4,4,4,0,stored
Grade 7,Maths,Part 1 - Chapter 1: Large Numbers Around Us,CBSE,CBSE,4,4,4,0,stored
Grade 7,Maths,Part 1 - Chapter 2: Arithmetic Expressions,CBSE,CBSE,4,4,4,0,stored
Grade 7,Maths,Part 1 - Chapter 3: A Peek Beyond the Point,CBSE,CBSE,4,4,4,0,stored
Grade 7,Maths,Part 1 - Chapter 4: Expressions using Letter-Numbers,CBSE,CBSE,4,4,4,0,stored
Grade 7,Maths,Part 1 - Chapter 5: Parallel and Intersecting Lines,CBSE,CBSE,4,4,4,1,stored
Grade 7,Maths,Part 1 - Chapter 6: Number Play,CBSE,CBSE,4,4,4,0,stored
Grade 7,Maths,Part 1 - Chapter 7: A Tale of Three Intersecting Lines,CBSE,CBSE,4,4,4,0,stored
Grade 7,Maths,Part 1 - Chapter 8: Working with Fractions,CBSE,CBSE,4,4,4,0,stored
Grade 7,Maths,Part 2 - Chapter 1: Geometric Twins,CBSE,CBSE,4,4,4,0,stored
Grade 7,Maths,Part 2 - Chapter 2: Operations with Integers,CBSE,CBSE,4,4,4,1,stored
Grade 7,Maths,Part 2 - Chapter 3: Finding Common Ground,CBSE,CBSE,4,4,4,0,stored
Grade 7,Maths,Part 2 - Chapter 4: Another Peek Beyond the Point,CBSE,CBSE,4,4,4,0,stored
Grade 7,Maths,Part 2 - Chapter 5: Connecting the Dots…,CBSE,CBSE,4,4,4,0,stored
Grade 7,Maths,Part 2 - Chapter 6: Constructions and Tilings,CBSE,CBSE,4,4,4,0,stored
Grade 7,Maths,Part 2 - Chapter 7: Finding the Unknown,CBSE,CBSE,4,4,4,0,stored
Grade 7,Science,Chapter 10: Life Processes in Plants,CBSE,CBSE,4,4,4,0,stored
Grade 7,Science,Chapter 11: Light: Shadows and Reflections,CBSE,CBSE,4,4,4,0,stored
Grade 7,Science,"Chapter 12: Earth, Moon, and the Sun",CBSE,CBSE,4,4,4,0,stored
Grade 7,Science,Chapter 1: The Ever-Evolving World of Science,CBSE,CBSE,4,4,4,0,stored
Grade 7,Science,"Chapter 2: Exploring Substances: Acids, Bases and Neutral",CBSE,CBSE,4,4,4,0,stored
Grade 7,Science,Chapter 3: Electricity: Circuits and Their Components,CBSE,CBSE,4,4,4,0,stored
Grade 7,Science,Chapter 4: The World of Metals and Non-metals,CBSE,CBSE,4,4,4,0,stored
Grade 7,Science,Chapter 5: Changes Around Us: Physical and Chemical,CBSE,CBSE,4,4,4,0,stored
Grade 7,Science,Chapter 6: Adolescence: A Stage of Growth and Change,CBSE,CBSE,4,4,4,0,stored
Grade 7,Science,Chapter 7: Heat Transfer in Nature,CBSE,CBSE,4,4,4,0,stored
Grade 7,Science,Chapter 8: Measurement of Time and Motion,CBSE,CBSE,4,4,4,0,stored
Grade 7,Science,Chapter 9: Life Processes in Animals,CBSE,CBSE,4,4,4,0,stored
Grade 7,Social Science,Part 1 -  Chapter 1: Geographical Diversity of India,CBSE,CBSE,4,4,4,0,stored
Grade 7,Social Science,Part 1 - Chapter 10: The Constitution of India — An Introduction,CBSE,CBSE,4,4,4,0,stored
Grade 7,Social Science,Part 1 - Chapter 11: From Barter to Money,CBSE,CBSE,4,4,4,0,stored
Grade 7,Social Science,Part 1 - Chapter 12: Understanding Markets,CBSE,CBSE,4,4,4,0,stored
Grade 7,Social Science,Part 1 - Chapter 2: Understanding the Weather,CBSE,CBSE,4,4,4,0,stored
Grade 7,Social Science,Part 1 - Chapter 3: Climates of India,CBSE,CBSE,4,4,4,0,stored
Grade 7,Social Science,Part 1 - Chapter 4: New Beginnings: Cities and States,CBSE,CBSE,4,4,4,0,stored
Grade 7,Social Science,Part 1 - Chapter 5: The Rise of Empires,CBSE,CBSE,4,4,4,0,stored
Grade 7,Social Science,Part 1 - Chapter 6: The Age of Reorganisation,CBSE,CBSE,4,4,4,0,stored
Grade 7,Social Science,Part 1 - Chapter 7: The Gupta Era: An Age of Tireless Creativity,CBSE,CBSE,4,4,4,0,stored
Grade 7,Social Science,Part 1 - Chapter 8: How the Land Becomes Sacred,CBSE,CBSE,4,4,4,0,stored
Grade 7,Social Science,Part 1 - Chapter 9: From the Rulers to the Ruled: Types,CBSE,CBSE,4,4,4,0,stored
Grade 7,Social Science,Part 2 - Chapter 1: The Story of Indian Farming,CBSE,CBSE,4,4,4,0,stored
Grade 7,Social Science,Part 2 - Chapter 2: India and Her Neighbours,CBSE,CBSE,4,4,4,0,stored
Grade 7,Social Science,Part 2 - Chapter 3: Empires and Kingdoms: 6th to 10th Centuries,CBSE,CBSE,4,4,4,0,stored
Grade 7,Social Science,Part 2 - Chapter 4: Turning Tides: 11th and 12th Centuries,CBSE,CBSE,4,4,4,0,stored
Grade 7,Social Science,"Part 2 - Chapter 5: India, a Home to Many",CBSE,CBSE,4,4,4,0,stored
Grade 7,Social Science,"Part 2 - Chapter 6: The State, the Government, and You",CBSE,CBSE,4,4,4,0,stored
Grade 7,Social Science,Part 2 - Chapter 7: Infrastructure: Engine of India’s Development,CBSE,CBSE,4,4,4,0,stored
Grade 7,Social Science,Part 2 - Chapter 8: Banks and the Magic of Finance,CBSE,CBSE,4,4,4,0,stored
Grade 8,English,Unit 1: Wit and Wisdom,CBSE,CBSE,4,4,4,0,stored
Grade 8,English,Unit 2: Values and Dispositions,CBSE,CBSE,4,4,4,0,stored
Grade 8,English,Unit 3: Mystery and Magic,CBSE,CBSE,4,4,4,0,stored
Grade 8,English,Unit 4: Environment,CBSE,CBSE,4,4,4,0,stored
Grade 8,English,Unit 5: Science and Curiosity,CBSE,CBSE,4,4,4,0,stored
Grade 8,Hindi,Chapter 10: तरुण केे स्वप्न,CBSE,CBSE,4,4,4,0,stored
Grade 8,Hindi,Chapter 1: स्वदेश,CBSE,CBSE,4,4,4,0,stored
Grade 8,Hindi,Chapter 2: दो गौरैैयाा,CBSE,CBSE,4,4,4,0,stored
Grade 8,Hindi,Chapter 3: एक आशीर्वाद,CBSE,CBSE,4,4,4,0,stored
Grade 8,Hindi,Chapter 4: हरिद्वार,CBSE,CBSE,4,4,4,0,stored
Grade 8,Hindi,Chapter 5: कबीर के दोहे,CBSE,CBSE,4,4,4,0,stored
Grade 8,Hindi,Chapter 6: एक टोकरी भर,CBSE,CBSE,4,4,4,0,stored
Grade 8,Hindi,Chapter 7: मत बाँधो,CBSE,CBSE,4,4,4,0,stored
Grade 8,Hindi,Chapter 8: नए मेहेमाान,CBSE,CBSE,4,4,4,0,stored
Grade 8,Hindi,Chapter 9: आदमी का अनुपात,CBSE,CBSE,4,4,4,0,stored
Grade 8,Maths,Exemplar: Algebraic Expressions and Identities,CBSE,CBSE,4,4,4,0,stored
Grade 8,Maths,Exemplar: Comparing Quantities,CBSE,CBSE,4,4,4,0,stored
Grade 8,Maths,Exemplar: Data Handling,CBSE,CBSE,4,4,4,0,stored
Grade 8,Maths,Exemplar: Direct and Inverse Proportions,CBSE,CBSE,4,4,4,0,stored
Grade 8,Maths,Exemplar: Exponents and Powers,CBSE,CBSE,4,4,4,0,stored
Grade 8,Maths,Exemplar: Introduction to Graphs,CBSE,CBSE,4,4,4,0,stored
Grade 8,Maths,Exemplar: Linear Equation in One Variable,CBSE,CBSE,4,4,4,1,stored
Grade 8,Maths,Exemplar: Mensuration,CBSE,CBSE,4,4,4,0,stored
Grade 8,Maths,Exemplar: Playing with Numbers,CBSE,CBSE,4,4,4,0,stored
Grade 8,Maths,Exemplar: Rational Numbers,CBSE,CBSE,4,4,4,0,stored
Grade 8,Maths,Exemplar: Square-Square Root and Cube-Cube Root,CBSE,CBSE,4,4,4,1,stored
Grade 8,Maths,Exemplar: Understanding Quadrilaterals and Practical Geometry,CBSE,CBSE,4,4,4,0,stored
Grade 8,Maths,Exemplar: Visualising Solid Shapes,CBSE,CBSE,4,4,4,0,stored
Grade 8,Maths,Part 1 - Chapter 1: A Square and A Cube,CBSE,CBSE,4,4,4,0,stored
Grade 8,Maths,Part 1 - Chapter 2: Power Play,CBSE,CBSE,4,4,4,1,stored
Grade 8,Maths,Part 1 - Chapter 3: A Story of Numbers,CBSE,CBSE,4,4,4,0,stored
Grade 8,Maths,Part 1 - Chapter 4: Quadrilaterals,CBSE,CBSE,4,4,4,0,stored
Grade 8,Maths,Part 1 - Chapter 5: Number Play,CBSE,CBSE,4,4,4,0,stored
Grade 8,Maths,"Part 1 - Chapter 6: We Distribute, Yet Things Multiply",CBSE,CBSE,4,4,4,0,stored
Grade 8,Maths,Part 1 - Chapter 7: Proportional Reasoning,CBSE,CBSE,4,4,4,0,stored
Grade 8,Maths,Part 1 - Exemplar: Algebraic Expressions and Identities,CBSE,CBSE,4,4,4,0,stored
Grade 8,Maths,Part 1 - Exemplar: Data Handling,CBSE,CBSE,4,4,4,0,stored
Grade 8,Maths,Part 1 - Exemplar: Introduction to Graphs,CBSE,CBSE,4,4,4,1,stored
Grade 8,Maths,Part 1 - Exemplar: Linear Equation in One Variable,CBSE,CBSE,4,4,4,0,stored
Grade 8,Maths,Part 1 - Exemplar: Mensuration,CBSE,CBSE,3,4,3,0,stored
Grade 8,Maths,Part 1 - Exemplar: Playing with Numbers,CBSE,CBSE,2,4,2,0,stored
Grade 8,Maths,Part 1 - Exemplar: Rational Numbers,CBSE,CBSE,1,4,1,0,stored
Grade 8,Maths,Part 1 - Exemplar: Square-Square Root and Cube-Cube Root,CBSE,CBSE,2,4,2,2,stored
Grade 8,Maths,Part 1 - Exemplar: Understanding Quadrilaterals and Practical Geometry,CBSE,CBSE,4,4,4,0,stored
Grade 8,Maths,Part 1 - Exemplar: Visualising Solid Shapes,CBSE,CBSE,1,4,1,0,stored
Grade 8,Maths,Part 2 - Chapter 1: Fractions in Disguise,CBSE,CBSE,4,4,4,0,stored
Grade 8,Maths,Part 2 - Chapter 2: The Baudhayana-Pythagoras Theorem,CBSE,CBSE,4,4,4,2,stored
Grade 8,Maths,Part 2 - Chapter 3: Proportional Reasoning-2,CBSE,CBSE,4,4,4,0,stored
Grade 8,Maths,Part 2 - Chapter 4: Exploring Some Geometric Themes,CBSE,CBSE,4,4,4,0,stored
Grade 8,Maths,Part 2 - Chapter 5: Tales by Dots and Lines,CBSE,CBSE,4,4,4,0,stored
Grade 8,Maths,Part 2 - Chapter 6: Algebra Play,CBSE,CBSE,4,4,4,0,stored
Grade 8,Maths,Part 2 - Chapter 7: Area,CBSE,CBSE,4,4,4,0,stored
Grade 8,Science,Chapter 10: Light: Mirrors and Lenses,CBSE,CBSE,4,4,4,0,stored
Grade 8,Science,Chapter 11: Keeping Time with the Skies,CBSE,CBSE,4,4,4,0,stored
Grade 8,Science,Chapter 12: How Nature Works in Harmony,CBSE,CBSE,4,4,4,0,stored
Grade 8,Science,"Chapter 13: Our Home: Earth, a Unique Life Sustaining Planet",CBSE,CBSE,4,4,4,0,stored
Grade 8,Science,Chapter 1: Exploring the Investigative World of Science,CBSE,CBSE,4,4,4,0,stored
Grade 8,Science,Chapter 2: The Invisible Living World: Beyond Our Naked Eye,CBSE,CBSE,4,4,4,0,stored
Grade 8,Science,Chapter 3: Interpreting Health: The Ultimate Treasure,CBSE,CBSE,4,4,4,0,stored
Grade 8,Science,Chapter 4: Electricity: Magnetic and Heating Effects,CBSE,CBSE,4,4,4,0,stored
Grade 8,Science,Chapter 5: Exploring Forces,CBSE,CBSE,4,4,4,0,stored
Grade 8,Science,"Chapter 6: Pressure, Winds, Storms, and Cyclones",CBSE,CBSE,4,4,4,0,stored
Grade 8,Science,Chapter 7: Particulate Nature of Matter,CBSE,CBSE,4,4,4,0,stored
Grade 8,Science,"Chapter 8: Nature of Matter: Elements, Compounds, and Mixtures",CBSE,CBSE,4,4,4,0,stored
Grade 8,Science,"Chapter 9: The Amazing World of Solutes, Solvents, and Solutions",CBSE,CBSE,4,4,4,0,stored
Grade 8,Science,Exemplar: Cell - Structure and Functions,CBSE,CBSE,4,4,4,0,stored
Grade 8,Science,Exemplar: Chemical Effects of Electric Current,CBSE,CBSE,4,4,4,0,stored
Grade 8,Science,Exemplar: Coal and Petroleum,CBSE,CBSE,4,4,4,0,stored
Grade 8,Science,Exemplar: Combustion and Flame,CBSE,CBSE,4,4,4,0,stored
Grade 8,Science,Exemplar: Conservation of Plants and Animals,CBSE,CBSE,4,4,4,0,stored
Grade 8,Science,Exemplar: Crop Production and Management,CBSE,CBSE,4,4,4,0,stored
Grade 8,Science,Exemplar: Force and Pressure,CBSE,CBSE,4,4,4,0,stored
Grade 8,Science,Exemplar: Friction,CBSE,CBSE,4,4,4,0,stored
Grade 8,Science,Exemplar: Light,CBSE,CBSE,4,4,4,0,stored
Grade 8,Science,Exemplar: Materials: Metals and Non-Metals,CBSE,CBSE,4,4,4,0,stored
Grade 8,Science,Exemplar: Microorganisms: Friend and Foe,CBSE,CBSE,4,4,4,0,stored
Grade 8,Science,Exemplar: Pollution of Air and Water,CBSE,CBSE,4,4,4,0,stored
Grade 8,Science,Exemplar: Reaching the Age of Adolescence,CBSE,CBSE,4,4,4,0,stored
Grade 8,Science,Exemplar: Reproduction in Animals,CBSE,CBSE,4,4,4,0,stored
Grade 8,Science,Exemplar: Some Natural Phenomena,CBSE,CBSE,4,4,4,0,stored
Grade 8,Science,Exemplar: Sound,CBSE,CBSE,4,4,4,0,stored
Grade 8,Science,Exemplar: Stars and the Solar System,CBSE,CBSE,4,4,4,0,stored
Grade 8,Science,Exemplar: Synthetic Fibres and Plastics,CBSE,CBSE,4,4,4,0,stored
Grade 8,Social Science,Chapter 1: Natural Resources and Their Use,CBSE,CBSE,4,4,4,0,stored
Grade 8,Social Science,Chapter 2: Reshaping India’s Political Map,CBSE,CBSE,4,4,4,0,stored
Grade 8,Social Science,Chapter 3: The Rise of the Marathas,CBSE,CBSE,4,4,4,0,stored
Grade 8,Social Science,Chapter 4: The Colonial Era in India,CBSE,CBSE,4,4,4,0,stored
Grade 8,Social Science,Chapter 5: Universal Franchise and India’s Electoral System,CBSE,CBSE,4,4,4,0,stored
Grade 8,Social Science,Chapter 6: The Parliamentary System: Legislature and Executive,CBSE,CBSE,4,4,4,0,stored
Grade 8,Social Science,Chapter 7: Factors of Production,CBSE,CBSE,4,4,4,0,stored
Grade 9,Advanced Mathematics,Advanced - Combinatorics,CBSE,CBSE,6,5,5,0,stored
Grade 9,Advanced Mathematics,Advanced - Coordinate Geometry,CBSE,CBSE,6,5,5,0,stored
Grade 9,Advanced Mathematics,Advanced - Exploring some more Progressions,CBSE,CBSE,6,5,5,2,stored
Grade 9,Advanced Mathematics,Advanced - Logarithms,CBSE,CBSE,6,5,5,0,stored
Grade 9,Advanced Mathematics,Advanced - Relations and Functions,CBSE,CBSE,6,5,5,0,stored
Grade 9,Advanced Mathematics,Advanced - Sets,CBSE,CBSE,6,5,5,0,stored
Grade 9,Advanced Science,Advanced - Chemical Bonding,CBSE,CBSE,6,5,5,0,stored
Grade 9,Advanced Science,Advanced - Engineering Life: Miracles in Biotechnology,CBSE,CBSE,6,5,5,0,stored
Grade 9,Advanced Science,Advanced - Measurement: Foundation of Science,CBSE,CBSE,6,5,5,0,stored
Grade 9,Advanced Science,Advanced - Microscope and Microscopy,CBSE,CBSE,6,5,5,0,stored
Grade 9,Advanced Science,Advanced - Mixtures and their Separation,CBSE,CBSE,6,5,5,0,stored
Grade 9,Advanced Science,Advanced - Newton's Laws of Motion,CBSE,CBSE,6,5,5,0,stored
Grade 9,Advanced Science,Advanced - Structure of Atom,CBSE,CBSE,6,5,5,0,stored
Grade 9,Advanced Science,Advanced - The Geometry of Power: Advanced Simple Machines,CBSE,CBSE,6,5,5,0,stored
Grade 9,Advanced Science,Advanced - Understanding Motion through Experience,CBSE,CBSE,6,5,5,0,stored
Grade 9,Advanced Science,Advanced - Work and Energy,CBSE,CBSE,6,5,5,0,stored
Grade 9,English,Chapter 10: Kathmandu,CBSE,CBSE,5,5,5,0,stored
Grade 9,English,Chapter 11: If I Were You,CBSE,CBSE,5,5,5,0,stored
Grade 9,English,Chapter 12: A Visit to Kaziranga and Sivasagar,CBSE,CBSE,5,5,5,0,stored
Grade 9,English,Chapter 1: How I Taught My Grandmother to Read,CBSE,CBSE,5,5,5,0,stored
Grade 9,English,Chapter 1: The Fun They Had,CBSE,CBSE,5,5,5,0,stored
Grade 9,English,Chapter 2: The Pot Maker,CBSE,CBSE,5,5,5,0,stored
Grade 9,English,Chapter 2: The Sound of Music,CBSE,CBSE,5,5,5,0,stored
Grade 9,English,Chapter 3: The Little Girl,CBSE,CBSE,5,5,4,0,stored
Grade 9,English,Chapter 3: Winds of Change,CBSE,CBSE,5,5,5,0,stored
Grade 9,English,Chapter 4: A Truly Beautiful Mind,CBSE,CBSE,5,5,5,0,stored
Grade 9,English,Chapter 4: Vitamin-M,CBSE,CBSE,5,5,5,0,stored
Grade 9,English,Chapter 5: The Snake and the Mirror,CBSE,CBSE,5,5,5,0,stored
Grade 9,English,Chapter 5: The World of Limitless Possibilities,CBSE,CBSE,5,5,5,0,stored
Grade 9,English,Chapter 6: My Childhood,CBSE,CBSE,5,5,5,0,stored
Grade 9,English,Chapter 6: Twin Melodies,CBSE,CBSE,5,5,5,0,stored
Grade 9,English,Chapter 7: Carrier of Words,CBSE,CBSE,5,5,5,0,stored
Grade 9,English,Chapter 7: Packing,CBSE,CBSE,5,5,5,0,stored
Grade 9,English,Chapter 8: Follow That Dream,CBSE,CBSE,5,5,5,0,stored
Grade 9,English,Chapter 8: Reach for the Top,CBSE,CBSE,5,5,5,0,stored
Grade 9,English,Chapter 9: The Bond of Love,CBSE,CBSE,5,5,5,0,stored
Grade 9,English Olympiad,Nouns,SOF,CBSE,6,5,5,0,stored
Grade 9,English Supplementary Reader,Chapter 10: The Beggar,CBSE,CBSE,5,5,5,0,stored
Grade 9,English Supplementary Reader,Chapter 1: The Lost Child,CBSE,CBSE,5,5,5,0,stored
Grade 9,English Supplementary Reader,Chapter 2: The Adventures of Toto,CBSE,CBSE,5,5,5,0,stored
Grade 9,English Supplementary Reader,Chapter 3: Iswaran the Storyteller,CBSE,CBSE,5,5,5,0,stored
Grade 9,English Supplementary Reader,Chapter 4: In the Kingdom of Fools,CBSE,CBSE,5,5,5,0,stored
Grade 9,English Supplementary Reader,Chapter 5: The Happy Prince,CBSE,CBSE,5,5,5,0,stored
Grade 9,English Supplementary Reader,Chapter 6: Weathering the Storm in Ersama,CBSE,CBSE,5,5,5,0,stored
Grade 9,English Supplementary Reader,Chapter 7: The Last Leaf,CBSE,CBSE,5,5,5,0,stored
Grade 9,English Supplementary Reader,Chapter 8: A House Is Not a Home,CBSE,CBSE,5,5,5,0,stored
Grade 9,English Supplementary Reader,Chapter 9: The Accidental Tourist,CBSE,CBSE,5,5,5,0,stored
Grade 9,Hindi,"अध्याय 10: भारत्त, जय, विजयकरे!",CBSE,CBSE,5,5,5,0,stored
Grade 9,Hindi,अध्याय 11: झाँसी की रानी,CBSE,CBSE,5,5,5,0,stored
Grade 9,Hindi,अध्याय 12: घर की याद,CBSE,CBSE,5,5,5,0,stored
Grade 9,Hindi,अध्याय 1: दो बैलों की कथा,CBSE,CBSE,5,5,5,0,stored
Grade 9,Hindi,अध्याय 2:  क््या लिखू,CBSE,CBSE,5,5,5,0,stored
Grade 9,Hindi,अध्याय 3: संवादहीन,CBSE,CBSE,5,5,5,0,stored
Grade 9,Hindi,अध्याय 4: ऐसी भी बातीें होती हैं,CBSE,CBSE,5,5,5,0,stored
Grade 9,Hindi,अध्याय 5: आलखरी चट्टान तक,CBSE,CBSE,5,5,5,0,stored
Grade 9,Hindi,अध्याय 6: रीढ़ की हड्डी,CBSE,CBSE,5,5,5,0,stored
Grade 9,Hindi,अध्याय 7: मैं और मेरा देश,CBSE,CBSE,5,5,5,0,stored
Grade 9,Hindi,अध्याय 8: पद,CBSE,CBSE,5,5,5,0,stored
Grade 9,Hindi,अध्याय 9: राम-लक्षमण-परशुराम संवाद,CBSE,CBSE,5,5,5,0,stored
Grade 9,Maths,Chapter 1: Orienting Yourself: The Use of Coordinates,CBSE,CBSE,3,5,3,0,stored
Grade 9,Maths,Chapter 2: Introduction to Linear Polynomials,CBSE,CBSE,5,5,5,1,stored
Grade 9,Maths,Chapter 3: The World of Numbers,CBSE,CBSE,5,5,5,1,stored
Grade 9,Maths,Chapter 4: Exploring Algebraic Identities,CBSE,CBSE,4,5,4,1,stored
Grade 9,Maths,"Chapter 5: I’m Up and Down, and Round and Round",CBSE,CBSE,5,5,5,0,stored
Grade 9,Maths,Chapter 6: Measuring Space: Perimeter and Area,CBSE,CBSE,5,5,5,0,stored
Grade 9,Maths,Chapter 7: The Mathematics of Maybe: Introduction to Probability,CBSE,CBSE,5,5,5,0,stored
Grade 9,Maths,Chapter 8: Predicting What Comes Next: Exploring Sequences and Progressions,CBSE,CBSE,5,5,5,0,stored
Grade 9,Maths,Exemplar: Areas of Parallelograms and Triangles,CBSE,CBSE,1,5,1,0,stored
Grade 9,Maths,Exemplar: Constructions,CBSE,CBSE,1,5,1,0,stored
Grade 9,Maths,Exemplar: Coordinate Geometry,CBSE,CBSE,5,5,5,0,stored
Grade 9,Maths,Exemplar: Coordinate Geometry (Advanced),CBSE,CBSE,1,5,1,0,stored
Grade 9,Maths,Exemplar: Introduction to Euclid's Geometry,CBSE,CBSE,5,5,5,0,stored
Grade 9,Maths,Exemplar: Linear Equations in Two Variables,CBSE,CBSE,5,5,5,0,stored
Grade 9,Maths,Exemplar: Lines and Angles,CBSE,CBSE,5,5,5,0,stored
Grade 9,Maths,Exemplar: Number Systems,CBSE,CBSE,1,5,1,0,stored
Grade 9,Maths,Exemplar: Polynomials,CBSE,CBSE,5,5,5,1,stored
Grade 9,Maths,Exemplar: Probability,CBSE,CBSE,5,5,5,0,stored
Grade 9,Maths,Exemplar: Statistics,CBSE,CBSE,1,5,1,0,stored
Grade 9,Maths,Exemplar: Triangles,CBSE,CBSE,1,5,1,0,stored
Grade 9,Maths Olympiad,Algebraic Identities,SOF,CBSE,6,5,5,0,stored
Grade 9,Maths Olympiad,Area and Perimeter,SOF,CBSE,6,5,5,0,stored
Grade 9,Maths Olympiad,Areas of Parallelograms and Triangles,SOF,CBSE,6,5,5,0,stored
Grade 9,Maths Olympiad,Circles,SOF,CBSE,6,5,5,0,stored
Grade 9,Maths Olympiad,Constructions,SOF,CBSE,6,5,5,0,stored
Grade 9,Maths Olympiad,Coordinate Geometry,SOF,CBSE,6,5,5,0,stored
Grade 9,Maths Olympiad,Introduction to Euclid's Geometry,SOF,CBSE,6,5,5,1,stored
Grade 9,Maths Olympiad,Introduction to Probability,SOF,CBSE,6,5,5,1,stored
Grade 9,Maths Olympiad,Linear Equations in Two Variables,SOF,CBSE,6,5,5,1,stored
Grade 9,Maths Olympiad,Lines and Angles,SOF,CBSE,6,5,5,0,stored
Grade 9,Maths Olympiad,Logical Reasoning,SOF,CBSE,6,5,5,0,stored
Grade 9,Maths Olympiad,Number Systems,SOF,CBSE,6,5,5,0,stored
Grade 9,Maths Olympiad,Polynomials,SOF,CBSE,6,5,5,1,stored
Grade 9,Maths Olympiad,Quadrilaterals,SOF,CBSE,6,5,5,0,stored
Grade 9,Maths Olympiad,SOF-IMO Model Test Paper-1,SOF,CBSE,6,5,5,0,stored
Grade 9,Maths Olympiad,Sequences and Progressions,SOF,CBSE,6,5,5,1,stored
Grade 9,Maths Olympiad,Statistics,SOF,CBSE,6,5,5,0,stored
Grade 9,Maths Olympiad,Surface Areas and Volumes,SOF,CBSE,6,5,5,0,stored
Grade 9,Maths Olympiad,Triangles,SOF,CBSE,6,5,5,0,stored
Grade 9,Science,Chapter 10: Sound Waves: Characteristics and Applications,CBSE,CBSE,5,5,5,0,stored
Grade 9,Science,Chapter 11: Reproduction: How Life Continues,CBSE,CBSE,5,5,5,0,stored
Grade 9,Science,Chapter 12: Patterns in Life: Diversity and Classification,CBSE,CBSE,5,5,5,0,stored
Grade 9,Science,"Chapter 13: Earth as a System: Energy, Matter, and Life",CBSE,CBSE,5,5,5,0,stored
Grade 9,Science,Chapter 1: Exploration: Entering the World of Secondary Science,CBSE,CBSE,5,5,5,0,stored
Grade 9,Science,Chapter 2: Cell: The Building Block of Life,CBSE,CBSE,5,5,5,0,stored
Grade 9,Science,Chapter 3: Tissues in Action,CBSE,CBSE,5,5,5,0,stored
Grade 9,Science,Chapter 4: Describing Motion Around Us,CBSE,CBSE,5,5,5,0,stored
Grade 9,Science,Chapter 5: Exploring Mixtures and Their Separation,CBSE,CBSE,5,5,5,0,stored
Grade 9,Science,Chapter 6: How Forces Affect Motion,CBSE,CBSE,5,5,5,0,stored
Grade 9,Science,"Chapter 7: Work, Energy, and Simple Machines",CBSE,CBSE,5,5,5,0,stored
Grade 9,Science,Chapter 8: Journey Inside the Atom,CBSE,CBSE,5,5,5,0,stored
Grade 9,Science,Chapter 9: Atomic Foundations of Matter,CBSE,CBSE,5,5,5,0,stored
Grade 9,Science,Exemplar: Animals - Their Structure and Functions,CBSE,CBSE,5,5,5,0,stored
Grade 9,Science,Exemplar: Atoms and Molecules,CBSE,CBSE,5,5,5,0,stored
Grade 9,Science,Exemplar: Cells - Their Structure and Functions,CBSE,CBSE,2,5,2,0,stored
Grade 9,Science,Exemplar: Diversity in Living Organisms,CBSE,CBSE,5,5,5,0,stored
Grade 9,Science,Exemplar: Force and Laws of Motion,CBSE,CBSE,5,5,5,0,stored
Grade 9,Science,Exemplar: Gravitation,CBSE,CBSE,5,5,5,0,stored
Grade 9,Science,Exemplar: Improvement in Food Resources,CBSE,CBSE,1,5,1,0,stored
Grade 9,Science,Exemplar: Is Matter Around Us Pure,CBSE,CBSE,5,5,5,0,stored
Grade 9,Science,Exemplar: Matter in Our Surroundings,CBSE,CBSE,5,5,5,0,stored
Grade 9,Science,Exemplar: Motion,CBSE,CBSE,5,5,5,0,stored
Grade 9,Science,Exemplar: Natural Resources,CBSE,CBSE,3,5,3,0,stored
Grade 9,Science,Exemplar: Sound,CBSE,CBSE,5,5,5,0,stored
Grade 9,Science,Exemplar: Structure of the Atom,CBSE,CBSE,5,5,5,0,stored
Grade 9,Science,Exemplar: The Fundamental Unit of Life,CBSE,CBSE,5,5,5,0,stored
Grade 9,Science,Exemplar: Tissues,CBSE,CBSE,5,5,5,0,stored
Grade 9,Science,Exemplar: Why Do We Fall Ill,CBSE,CBSE,5,5,5,0,stored
Grade 9,Science,Exemplar: Work and Energy,CBSE,CBSE,5,5,5,0,stored
Grade 9,Science,Matter in Our Surroundings,CBSE,CBSE,1,5,0,0,not_convertible
Grade 9,Science Olympiad,Atoms and Molecules,SOF,CBSE,5,5,5,0,stored
Grade 9,Science Olympiad,Chapter 1 - Matter in Our Surroundings,SOF,CBSE,5,5,4,0,stored
Grade 9,Science Olympiad,Chapter 2 - Is Matter Pure Around Us,SOF,CBSE,5,5,5,0,stored
Grade 9,Science Olympiad,Chapter 3 - Atoms and Molecules,SOF,CBSE,5,5,5,0,stored
Grade 9,Science Olympiad,Chapter 5 - Cell The Fundamental Unit of Life,SOF,CBSE,5,5,5,0,stored
Grade 9,Science Olympiad,Colloids and Solutions,SOF,CBSE,5,5,5,0,stored
Grade 9,Science Olympiad,Matter in Our Surroundings,SOF,CBSE,5,5,5,0,stored
Grade 9,Science Olympiad,Physical and Chemical Changes,SOF,CBSE,5,5,5,0,stored
Grade 9,Social Science,Uploaded Book Content,CBSE,CBSE,1,5,1,0,stored
