chapter,step,status,cosine,term_coverage_pct,lesson_words,rag_words,rag_available,missing_terms,notes
1. Papa's Spectacles,Recap,GOOD,0.842,95.0,298,387,True,right,Missing key RAG terms: right
1. Papa's Spectacles,What We Learn,GOOD,0.873,90.0,344,387,True,right,Missing key RAG terms: right
1. Papa's Spectacles,Worked Examples,GOOD,0.816,85.0,303,387,True,"pair, lost","Missing key RAG terms: pair, lost"
10. Glass Bangles,Recap,GOOD,0.809,60.0,671,2129,True,"indd, reprint, teacher, santoor, grade, action","Missing key RAG terms: indd, reprint, teacher, santoor, grade, action"
10. Glass Bangles,What We Learn,PARTIAL,0.641,45.0,551,2129,True,"indd, reprint, teacher, santoor, grade, action, first, words","Missing key RAG terms: indd, reprint, teacher, santoor, grade, action; Lesson (551w) much shorter than RAG content (2129w)"
10. Glass Bangles,Worked Examples,PARTIAL,0.747,20.0,487,2129,True,"bangles, glass, chapter, indd, reprint, ravi, ananya, teacher, santoor, grade, designs, words","Missing key RAG terms: bangles, glass, chapter, indd, reprint, ravi; Lesson (487w) much shorter than RAG content (2129w)"
2. Gone with the Scooter,Recap,GOOD,0.588,65.0,568,2070,True,"chapter, indd, reprint, santoor, said, following","Missing key RAG terms: chapter, indd, reprint, santoor, said, following; Lesson (568w) much shorter than RAG content (2070w)"
2. Gone with the Scooter,What We Learn,PARTIAL,0.812,40.0,410,2070,True,"chapter, indd, reprint, santoor, said, goat, time, following","Missing key RAG terms: chapter, indd, reprint, santoor, said, goat; Lesson (410w) much shorter than RAG content (2070w)"
2. Gone with the Scooter,Worked Examples,PARTIAL,0.857,50.0,652,2070,True,"indd, reprint, santoor, said, goat, following","Missing key RAG terms: indd, reprint, santoor, said, goat, following"
3. The Rainbow,Recap,PARTIAL,0.759,40.0,668,1624,True,"chapter, indd, reprint, words, learners, santoor, grade, write, share, following","Missing key RAG terms: chapter, indd, reprint, words, learners, santoor"
3. The Rainbow,What We Learn,PARTIAL,0.797,40.0,833,1624,True,"indd, reprint, learners, santoor, grade, write, share, colours, following","Missing key RAG terms: indd, reprint, learners, santoor, grade, write"
3. The Rainbow,Worked Examples,PARTIAL,0.823,40.0,769,1624,True,"chapter, indd, reprint, learners, santoor, grade, share, colours, following","Missing key RAG terms: chapter, indd, reprint, learners, santoor, grade"
4. The Wise Parrot,Recap,PARTIAL,0.85,50.0,457,1779,True,"indd, reprint, teacher, learners, birds, santoor, grade","Missing key RAG terms: indd, reprint, teacher, learners, birds, santoor; Lesson (457w) much shorter than RAG content (1779w)"
4. The Wise Parrot,What We Learn,PARTIAL,0.802,45.0,532,1779,True,"chapter, indd, reprint, teacher, learners, birds, santoor, grade, words","Missing key RAG terms: chapter, indd, reprint, teacher, learners, birds; Lesson (532w) much shorter than RAG content (1779w)"
4. The Wise Parrot,Worked Examples,PARTIAL,0.64,25.0,486,1779,True,"parrot, bird, merchant, chapter, indd, reprint, teacher, cage, learners, wise, birds, santoor, grade","Missing key RAG terms: parrot, bird, merchant, chapter, indd, reprint; Lesson (486w) much shorter than RAG content (1779w)"
5. The Frog,Recap,PARTIAL,0.653,50.0,500,1103,True,"chapter, indd, reprint, silently, carefully","Missing key RAG terms: chapter, indd, reprint, silently, carefully"
5. The Frog,What We Learn,PARTIAL,0.529,40.0,477,1103,True,"chapter, indd, reprint, silently, words, carefully, write","Missing key RAG terms: chapter, indd, reprint, silently, words, carefully"
5. The Frog,Worked Examples,PARTIAL,0.774,45.0,569,1103,True,"chapter, indd, reprint, silently, write, near","Missing key RAG terms: chapter, indd, reprint, silently, write, near"
6. What a Tank!,Recap,PARTIAL,0.678,45.0,709,1867,True,"chapter, indd, reprint, words, suma, grade, santoor, exclamatory","Missing key RAG terms: chapter, indd, reprint, words, suma, grade"
6. What a Tank!,What We Learn,PARTIAL,0.728,45.0,746,1867,True,"chapter, indd, reprint, words, suma, grade, santoor, exclamatory","Missing key RAG terms: chapter, indd, reprint, words, suma, grade"
6. What a Tank!,Worked Examples,PARTIAL,0.474,30.0,305,1867,True,"water, tank, tanks, chapter, indd, reprint, suma, grade, people, santoor, punjab","Missing key RAG terms: water, tank, tanks, chapter, indd, reprint; Lesson (305w) much shorter than RAG content (1867w)"
7. Gilli Danda,Recap,GOOD,0.81,70.0,550,1660,True,"indd, reprint, following","Missing key RAG terms: indd, reprint, following"
7. Gilli Danda,What We Learn,PARTIAL,0.709,40.0,462,1660,True,"danda, chapter, indd, reprint, game, stick, nouns, abstract, small","Missing key RAG terms: danda, chapter, indd, reprint, game, stick; Lesson (462w) much shorter than RAG content (1660w)"
7. Gilli Danda,Worked Examples,PARTIAL,0.799,50.0,584,1660,True,"chapter, indd, reprint, nouns, following, abstract","Missing key RAG terms: chapter, indd, reprint, nouns, following, abstract"
8. The Decision of the Panchayat,Recap,PARTIAL,0.897,45.0,532,1805,True,"chapter, indd, reprint, neem, tree, neighbour, ramakrishna, santoor, grade, chief","Missing key RAG terms: chapter, indd, reprint, neem, tree, neighbour; Lesson (532w) much shorter than RAG content (1805w)"
8. The Decision of the Panchayat,What We Learn,PARTIAL,0.844,45.0,490,1805,True,"chapter, indd, reprint, neem, tree, ramakrishna, santoor, grade, chief","Missing key RAG terms: chapter, indd, reprint, neem, tree, ramakrishna; Lesson (490w) much shorter than RAG content (1805w)"
8. The Decision of the Panchayat,Worked Examples,PARTIAL,0.889,40.0,634,1805,True,"chapter, indd, reprint, neem, tree, ramakrishna, santoor, grade, chief","Missing key RAG terms: chapter, indd, reprint, neem, tree, ramakrishna"
9. Vocation,Recap,PARTIAL,0.666,20.0,381,1371,True,"vocation, chapter, indd, reprint, teacher, words, questions, speaker, learners, note, santoor, poem, things","Missing key RAG terms: vocation, chapter, indd, reprint, teacher, words; Lesson (381w) much shorter than RAG content (1371w)"
9. Vocation,What We Learn,PARTIAL,0.467,50.0,582,1371,True,"indd, reprint, speaker, learners, santoor, grade, poem","Missing key RAG terms: indd, reprint, speaker, learners, santoor, grade"
9. Vocation,Worked Examples,GOOD,0.645,60.0,736,1371,True,"indd, reprint, learners, santoor, poem, things","Missing key RAG terms: indd, reprint, learners, santoor, poem, things"
Chapter 1: Water — The Essence of Life,Recap,GOOD,0.798,65.0,597,2947,True,"indd, chapter, reprint, activity, world, observe","Missing key RAG terms: indd, chapter, reprint, activity, world, observe; Lesson (597w) much shorter than RAG content (2947w)"
Chapter 1: Water — The Essence of Life,What We Learn,GOOD,0.832,70.0,682,2947,True,"indd, chapter, reprint, activity, world","Missing key RAG terms: indd, chapter, reprint, activity, world; Lesson (682w) much shorter than RAG content (2947w)"
Chapter 1: Water — The Essence of Life,Worked Examples,PARTIAL,0.717,50.0,645,2947,True,"indd, chapter, reprint, activity, freshwater, world, plants","Missing key RAG terms: indd, chapter, reprint, activity, freshwater, world; Lesson (645w) much shorter than RAG content (2947w)"
Chapter 10: Earth — Our Shared Home,Recap,PARTIAL,0.671,55.0,505,3005,True,"indd, reprint, chapter, water, write, journel","Missing key RAG terms: indd, reprint, chapter, water, write, journel; Lesson (505w) much shorter than RAG content (3005w)"
Chapter 10: Earth — Our Shared Home,What We Learn,GOOD,0.714,75.0,632,3005,True,"indd, reprint, write, journel","Missing key RAG terms: indd, reprint, write, journel; Lesson (632w) much shorter than RAG content (3005w)"
Chapter 10: Earth — Our Shared Home,Worked Examples,GOOD,0.726,60.0,569,3005,True,"indd, reprint, chapter, write, journel, birds","Missing key RAG terms: indd, reprint, chapter, write, journel, birds; Lesson (569w) much shorter than RAG content (3005w)"
Chapter 2: Journey of a River,Recap,GOOD,0.758,75.0,541,2579,True,"indd, chapter, reprint, world","Missing key RAG terms: indd, chapter, reprint, world; Lesson (541w) much shorter than RAG content (2579w)"
Chapter 2: Journey of a River,What We Learn,GOOD,0.73,75.0,592,2579,True,"indd, reprint, world, godavari","Missing key RAG terms: indd, reprint, world, godavari; Lesson (592w) much shorter than RAG content (2579w)"
Chapter 2: Journey of a River,Worked Examples,GOOD,0.711,75.0,547,2579,True,"indd, chapter, reprint, world","Missing key RAG terms: indd, chapter, reprint, world; Lesson (547w) much shorter than RAG content (2579w)"
Chapter 3: The Mystery of Food,Recap,PARTIAL,0.633,40.0,520,2703,True,"indd, disha, reprint, world, finding, home, school, write, make","Missing key RAG terms: indd, disha, reprint, world, finding, home; Lesson (520w) much shorter than RAG content (2703w)"
Chapter 3: The Mystery of Food,What We Learn,PARTIAL,0.664,45.0,546,2703,True,"indd, reprint, world, finding, students, home, school, write","Missing key RAG terms: indd, reprint, world, finding, students, home; Lesson (546w) much shorter than RAG content (2703w)"
Chapter 3: The Mystery of Food,Worked Examples,PARTIAL,0.618,40.0,526,2703,True,"indd, chapter, reprint, mystery, world, finding, home, school, write","Missing key RAG terms: indd, chapter, reprint, mystery, world, finding; Lesson (526w) much shorter than RAG content (2703w)"
Chapter 4: Our School — A Happy Place,Recap,GOOD,0.786,60.0,559,3087,True,"indd, reprint, write, find, world","Missing key RAG terms: indd, reprint, write, find, world; Lesson (559w) much shorter than RAG content (3087w)"
Chapter 4: Our School — A Happy Place,What We Learn,PARTIAL,0.452,45.0,472,3087,True,"indd, happy, chapter, reprint, place, write, green, feel, world","Missing key RAG terms: indd, happy, chapter, reprint, place, write; Lesson (472w) much shorter than RAG content (3087w)"
Chapter 4: Our School — A Happy Place,Worked Examples,GOOD,0.613,65.0,589,3087,True,"indd, chapter, reprint, write, feel, world","Missing key RAG terms: indd, chapter, reprint, write, feel, world; Lesson (589w) much shorter than RAG content (3087w)"
Chapter 5: Our Vibrant Country,Recap,GOOD,0.791,70.0,645,3036,True,"indd, chapter, reprint, world, teacher, school","Missing key RAG terms: indd, chapter, reprint, world, teacher, school; Lesson (645w) much shorter than RAG content (3036w)"
Chapter 5: Our Vibrant Country,What We Learn,GOOD,0.706,60.0,492,3036,True,"indd, chapter, reprint, note, world, currency, teacher","Missing key RAG terms: indd, chapter, reprint, note, world, currency; Lesson (492w) much shorter than RAG content (3036w)"
Chapter 5: Our Vibrant Country,Worked Examples,PARTIAL,0.756,50.0,413,3036,True,"indd, chapter, reprint, world, state, people, teacher, school","Missing key RAG terms: indd, chapter, reprint, world, state, people; Lesson (413w) much shorter than RAG content (3036w)"
Chapter 6: Some Unique Places,Recap,GOOD,0.607,65.0,719,2867,True,"indd, shanti, chapter, reprint, appa, said","Missing key RAG terms: indd, shanti, chapter, reprint, appa, said; Lesson (719w) much shorter than RAG content (2867w)"
Chapter 6: Some Unique Places,What We Learn,GOOD,0.728,70.0,560,2867,True,"indd, shanti, reprint, appa, said","Missing key RAG terms: indd, shanti, reprint, appa, said; Lesson (560w) much shorter than RAG content (2867w)"
Chapter 6: Some Unique Places,Worked Examples,PARTIAL,0.691,55.0,597,2867,True,"indd, shanti, reprint, islands, people, nature, appa, said","Missing key RAG terms: indd, shanti, reprint, islands, people, nature; Lesson (597w) much shorter than RAG content (2867w)"
Chapter 7: Energy — How Things Work,Recap,GOOD,0.774,85.0,660,3204,True,"indd, reprint","Missing key RAG terms: indd, reprint; Lesson (660w) much shorter than RAG content (3204w)"
Chapter 7: Energy — How Things Work,What We Learn,GOOD,0.761,75.0,665,3204,True,"indd, chapter, reprint, activity","Missing key RAG terms: indd, chapter, reprint, activity; Lesson (665w) much shorter than RAG content (3204w)"
Chapter 7: Energy — How Things Work,Worked Examples,GOOD,0.767,75.0,499,3204,True,"indd, chapter, reprint","Missing key RAG terms: indd, chapter, reprint; Lesson (499w) much shorter than RAG content (3204w)"
Chapter 8: Clothes — How Things are Made,Recap,GOOD,0.696,65.0,581,2259,True,"indd, chapter, reprint, world, activity","Missing key RAG terms: indd, chapter, reprint, world, activity; Lesson (581w) much shorter than RAG content (2259w)"
Chapter 8: Clothes — How Things are Made,What We Learn,GOOD,0.677,60.0,522,2259,True,"indd, chapter, reprint, things, world, activity","Missing key RAG terms: indd, chapter, reprint, things, world, activity; Lesson (522w) much shorter than RAG content (2259w)"
Chapter 8: Clothes — How Things are Made,Worked Examples,PARTIAL,0.555,55.0,634,2259,True,"indd, chapter, reprint, make, things, world","Missing key RAG terms: indd, chapter, reprint, make, things, world; Lesson (634w) much shorter than RAG content (2259w)"
Chapter 9: Rhythms of Nature,Recap,GOOD,0.758,70.0,556,2535,True,"indd, chapter, reprint, group, chart","Missing key RAG terms: indd, chapter, reprint, group, chart; Lesson (556w) much shorter than RAG content (2535w)"
Chapter 9: Rhythms of Nature,What We Learn,GOOD,0.705,75.0,680,2535,True,"indd, reprint, world, chart","Missing key RAG terms: indd, reprint, world, chart; Lesson (680w) much shorter than RAG content (2535w)"
Chapter 9: Rhythms of Nature,Worked Examples,GOOD,0.735,60.0,590,2535,True,"indd, chapter, reprint, group, world, night","Missing key RAG terms: indd, chapter, reprint, group, world, night; Lesson (590w) much shorter than RAG content (2535w)"
1. किरन,Recap,POOR,0.01,16.7,446,1485,True,"indd, reprint, https, youtube, watch","Very low similarity to RAG text — likely AI-only generation; Missing key RAG terms: indd, reprint, https, youtube, watch"
1. किरन,What We Learn,POOR,0.022,16.7,494,1485,True,"indd, reprint, https, youtube, watch","Very low similarity to RAG text — likely AI-only generation; Missing key RAG terms: indd, reprint, https, youtube, watch"
1. किरन,Worked Examples,POOR,0.0,0.0,492,1485,True,"chapter, indd, reprint, https, youtube, watch","Very low similarity to RAG text — likely AI-only generation; Missing key RAG terms: chapter, indd, reprint, https, youtube, watch"
10. तीन मछलियाँ,Recap,POOR,0.038,33.3,538,2405,True,"indd, reprint","Very low similarity to RAG text — likely AI-only generation; Missing key RAG terms: indd, reprint; Lesson (538w) much shorter than RAG content (2405w)"
10. तीन मछलियाँ,What We Learn,POOR,0.0,0.0,715,2405,True,"chapter, indd, reprint","Very low similarity to RAG text — likely AI-only generation; Missing key RAG terms: chapter, indd, reprint; Lesson (715w) much shorter than RAG content (2405w)"
10. तीन मछलियाँ,Worked Examples,POOR,0.01,33.3,550,2405,True,"indd, reprint","Very low similarity to RAG text — likely AI-only generation; Missing key RAG terms: indd, reprint; Lesson (550w) much shorter than RAG content (2405w)"
11. हमारे ये कलामंदिर,Recap,POOR,0.0,0.0,510,2768,True,"chapter, indd, reprint","Very low similarity to RAG text — likely AI-only generation; Missing key RAG terms: chapter, indd, reprint; Lesson (510w) much shorter than RAG content (2768w)"
11. हमारे ये कलामंदिर,What We Learn,POOR,0.01,33.3,543,2768,True,"indd, reprint","Very low similarity to RAG text — likely AI-only generation; Missing key RAG terms: indd, reprint; Lesson (543w) much shorter than RAG content (2768w)"
11. हमारे ये कलामंदिर,Worked Examples,POOR,0.018,33.3,465,2768,True,"indd, reprint","Very low similarity to RAG text — likely AI-only generation; Missing key RAG terms: indd, reprint; Lesson (465w) much shorter than RAG content (2768w)"
12. गंगा की कहानी,Recap,POOR,0.0,0.0,420,3694,True,"chapter, indd, reprint","Very low similarity to RAG text — likely AI-only generation; Missing key RAG terms: chapter, indd, reprint; Lesson (420w) much shorter than RAG content (3694w)"
12. गंगा की कहानी,What We Learn,POOR,0.0,0.0,469,3694,True,"chapter, indd, reprint","Very low similarity to RAG text — likely AI-only generation; Missing key RAG terms: chapter, indd, reprint; Lesson (469w) much shorter than RAG content (3694w)"
12. गंगा की कहानी,Worked Examples,POOR,0.0,0.0,527,3694,True,"chapter, indd, reprint","Very low similarity to RAG text — likely AI-only generation; Missing key RAG terms: chapter, indd, reprint; Lesson (527w) much shorter than RAG content (3694w)"
2. न्याय की कु सी,Recap,POOR,0.0,0.0,392,3404,True,"chapter, indd, reprint","Very low similarity to RAG text — likely AI-only generation; Missing key RAG terms: chapter, indd, reprint; Lesson (392w) much shorter than RAG content (3404w)"
2. न्याय की कु सी,What We Learn,POOR,0.0,0.0,426,3404,True,"chapter, indd, reprint","Very low similarity to RAG text — likely AI-only generation; Missing key RAG terms: chapter, indd, reprint; Lesson (426w) much shorter than RAG content (3404w)"
2. न्याय की कु सी,Worked Examples,POOR,0.0,0.0,545,3404,True,"chapter, indd, reprint","Very low similarity to RAG text — likely AI-only generation; Missing key RAG terms: chapter, indd, reprint; Lesson (545w) much shorter than RAG content (3404w)"
3. चाँद का कु रता,Recap,POOR,0.009,33.3,551,2191,True,"indd, reprint","Very low similarity to RAG text — likely AI-only generation; Missing key RAG terms: indd, reprint; Lesson (551w) much shorter than RAG content (2191w)"
3. चाँद का कु रता,What We Learn,POOR,0.0,0.0,492,2191,True,"chapter, indd, reprint","Very low similarity to RAG text — likely AI-only generation; Missing key RAG terms: chapter, indd, reprint; Lesson (492w) much shorter than RAG content (2191w)"
3. चाँद का कु रता,Worked Examples,POOR,0.0,0.0,501,2191,True,"chapter, indd, reprint","Very low similarity to RAG text — likely AI-only generation; Missing key RAG terms: chapter, indd, reprint; Lesson (501w) much shorter than RAG content (2191w)"
4. साङके न,Recap,POOR,0.0,0.0,407,2695,True,"chapter, indd, reprint","Very low similarity to RAG text — likely AI-only generation; Missing key RAG terms: chapter, indd, reprint; Lesson (407w) much shorter than RAG content (2695w)"
4. साङके न,What We Learn,POOR,0.0,0.0,451,2695,True,"chapter, indd, reprint","Very low similarity to RAG text — likely AI-only generation; Missing key RAG terms: chapter, indd, reprint; Lesson (451w) much shorter than RAG content (2695w)"
4. साङके न,Worked Examples,POOR,0.0,0.0,453,2695,True,"chapter, indd, reprint","Very low similarity to RAG text — likely AI-only generation; Missing key RAG terms: chapter, indd, reprint; Lesson (453w) much shorter than RAG content (2695w)"
5. सुंदरिया,Recap,POOR,0.0,0.0,634,4022,True,"chapter, indd, reprint","Very low similarity to RAG text — likely AI-only generation; Missing key RAG terms: chapter, indd, reprint; Lesson (634w) much shorter than RAG content (4022w)"
5. सुंदरिया,What We Learn,POOR,0.011,33.3,621,4022,True,"indd, reprint","Very low similarity to RAG text — likely AI-only generation; Missing key RAG terms: indd, reprint; Lesson (621w) much shorter than RAG content (4022w)"
5. सुंदरिया,Worked Examples,POOR,0.0,0.0,594,4022,True,"chapter, indd, reprint","Very low similarity to RAG text — likely AI-only generation; Missing key RAG terms: chapter, indd, reprint; Lesson (594w) much shorter than RAG content (4022w)"
6. चतुर चित्रकार,Recap,POOR,0.0,0.0,404,2810,True,"chapter, indd, reprint","Very low similarity to RAG text — likely AI-only generation; Missing key RAG terms: chapter, indd, reprint; Lesson (404w) much shorter than RAG content (2810w)"
6. चतुर चित्रकार,What We Learn,POOR,0.0,0.0,545,2810,True,"chapter, indd, reprint","Very low similarity to RAG text — likely AI-only generation; Missing key RAG terms: chapter, indd, reprint; Lesson (545w) much shorter than RAG content (2810w)"
6. चतुर चित्रकार,Worked Examples,POOR,0.0,0.0,558,2810,True,"chapter, indd, reprint","Very low similarity to RAG text — likely AI-only generation; Missing key RAG terms: chapter, indd, reprint; Lesson (558w) much shorter than RAG content (2810w)"
7. मेरा बचपन,Recap,POOR,0.0,0.0,437,2263,True,"chapter, indd, reprint","Very low similarity to RAG text — likely AI-only generation; Missing key RAG terms: chapter, indd, reprint; Lesson (437w) much shorter than RAG content (2263w)"
7. मेरा बचपन,What We Learn,POOR,0.103,33.3,427,2263,True,"indd, reprint","Missing key RAG terms: indd, reprint; Lesson (427w) much shorter than RAG content (2263w)"
7. मेरा बचपन,Worked Examples,POOR,0.045,33.3,489,2263,True,"indd, reprint","Very low similarity to RAG text — likely AI-only generation; Missing key RAG terms: indd, reprint; Lesson (489w) much shorter than RAG content (2263w)"
8. काजीरंगा राष्ट्ीय उद्ान की यात्,Recap,POOR,0.0,0.0,450,2778,True,"chapter, indd, reprint","Very low similarity to RAG text — likely AI-only generation; Missing key RAG terms: chapter, indd, reprint; Lesson (450w) much shorter than RAG content (2778w)"
8. काजीरंगा राष्ट्ीय उद्ान की यात्,What We Learn,POOR,0.0,0.0,526,2778,True,"chapter, indd, reprint","Very low similarity to RAG text — likely AI-only generation; Missing key RAG terms: chapter, indd, reprint; Lesson (526w) much shorter than RAG content (2778w)"
8. काजीरंगा राष्ट्ीय उद्ान की यात्,Worked Examples,POOR,0.0,0.0,560,2778,True,"chapter, indd, reprint","Very low similarity to RAG text — likely AI-only generation; Missing key RAG terms: chapter, indd, reprint; Lesson (560w) much shorter than RAG content (2778w)"
9. न्याय,Recap,POOR,0.0,0.0,490,3767,True,"chapter, indd, reprint","Very low similarity to RAG text — likely AI-only generation; Missing key RAG terms: chapter, indd, reprint; Lesson (490w) much shorter than RAG content (3767w)"
9. न्याय,What We Learn,POOR,0.0,0.0,414,3767,True,"chapter, indd, reprint","Very low similarity to RAG text — likely AI-only generation; Missing key RAG terms: chapter, indd, reprint; Lesson (414w) much shorter than RAG content (3767w)"
9. न्याय,Worked Examples,POOR,0.0,0.0,468,3767,True,"chapter, indd, reprint","Very low similarity to RAG text — likely AI-only generation; Missing key RAG terms: chapter, indd, reprint; Lesson (468w) much shorter than RAG content (3767w)"
Chapter 1: We the Travellers — I,Recap,PARTIAL,0.621,50.0,561,7116,True,"indd, travellers, chapter, reprint, between, find, horses, nearest, following","Missing key RAG terms: indd, travellers, chapter, reprint, between, find; Lesson (561w) much shorter than RAG content (7116w)"
Chapter 1: We the Travellers — I,What We Learn,PARTIAL,0.606,50.0,561,7116,True,"indd, travellers, chapter, reprint, between, find, horses, nearest, following","Missing key RAG terms: indd, travellers, chapter, reprint, between, find; Lesson (561w) much shorter than RAG content (7116w)"
Chapter 1: We the Travellers — I,Worked Examples,GOOD,0.599,60.0,657,7116,True,"indd, travellers, chapter, reprint, horses, nearest, following","Missing key RAG terms: indd, travellers, chapter, reprint, horses, nearest; Lesson (657w) much shorter than RAG content (7116w)"
Chapter 10: Symmetrical Designs,Recap,GOOD,0.795,95.0,522,1165,True,indd,Missing key RAG terms: indd
Chapter 10: Symmetrical Designs,What We Learn,GOOD,0.769,80.0,513,1165,True,"letter, indd, paper, letters","Missing key RAG terms: letter, indd, paper, letters"
Chapter 10: Symmetrical Designs,Worked Examples,GOOD,0.755,60.0,517,1165,True,"letter, indd, paper, letters, make, lines, fold","Missing key RAG terms: letter, indd, paper, letters, make, lines"
Chapter 11: Grandmother’s Quilt,Recap,GOOD,0.784,65.0,513,1700,True,"grandmother, quit, indd, chapter, reprint","Missing key RAG terms: grandmother, quit, indd, chapter, reprint"
Chapter 11: Grandmother’s Quilt,What We Learn,GOOD,0.736,70.0,629,1700,True,"quit, indd, table, reprint","Missing key RAG terms: quit, indd, table, reprint"
Chapter 11: Grandmother’s Quilt,Worked Examples,PARTIAL,0.665,55.0,709,1700,True,"grandmother, quit, indd, chapter, reprint","Missing key RAG terms: grandmother, quit, indd, chapter, reprint"
Chapter 12: Racing Seconds,Recap,PARTIAL,0.587,55.0,429,1322,True,"indd, took, number, chapter, reprint, taken","Missing key RAG terms: indd, took, number, chapter, reprint, taken"
Chapter 12: Racing Seconds,What We Learn,PARTIAL,0.624,50.0,559,1322,True,"racing, indd, number, chapter, reprint, raghav, taken","Missing key RAG terms: racing, indd, number, chapter, reprint, raghav"
Chapter 12: Racing Seconds,Worked Examples,GOOD,0.691,65.0,585,1322,True,"racing, indd, chapter, reprint, taken","Missing key RAG terms: racing, indd, chapter, reprint, taken"
Chapter 13: Animal Jumps,Recap,PARTIAL,0.691,40.0,564,1486,True,"jumps, animal, indd, jump, time, steps, divisible","Missing key RAG terms: jumps, animal, indd, jump, time, steps"
Chapter 13: Animal Jumps,What We Learn,GOOD,0.785,75.0,645,1486,True,"indd, divisible","Missing key RAG terms: indd, divisible"
Chapter 13: Animal Jumps,Worked Examples,GOOD,0.805,65.0,482,1486,True,"indd, time, divisible","Missing key RAG terms: indd, time, divisible"
Chapter 14: Maps and Locations,Recap,PARTIAL,0.757,45.0,556,1477,True,"indd, metro, house, children, chapter, reprint, stop, station","Missing key RAG terms: indd, metro, house, children, chapter, reprint"
Chapter 14: Maps and Locations,What We Learn,PARTIAL,0.768,35.0,497,1477,True,"indd, metro, locations, house, children, chapter, reprint, stop, station, first","Missing key RAG terms: indd, metro, locations, house, children, chapter"
Chapter 14: Maps and Locations,Worked Examples,GOOD,0.766,70.0,542,1477,True,"indd, metro, chapter, reprint, station","Missing key RAG terms: indd, metro, chapter, reprint, station"
Chapter 15: Data Through Pictures,Recap,PARTIAL,0.5,30.0,522,1729,True,"indd, reprint, figures, shift, hours, food, children, chapter, true, false","Missing key RAG terms: indd, reprint, figures, shift, hours, food"
Chapter 15: Data Through Pictures,What We Learn,PARTIAL,0.556,25.0,661,1729,True,"indd, reprint, figures, shift, hours, food, children, chapter, true, false, time","Missing key RAG terms: indd, reprint, figures, shift, hours, food"
Chapter 15: Data Through Pictures,Worked Examples,PARTIAL,0.54,30.0,752,1729,True,"indd, reprint, figures, shift, hours, food, children, chapter, true, false, time","Missing key RAG terms: indd, reprint, figures, shift, hours, food"
Chapter 2: Fractions,Recap,PARTIAL,0.635,40.0,472,2564,True,"indd, paratha, pieces, parathas, equivalent, chapter, reprint, find, raman","Missing key RAG terms: indd, paratha, pieces, parathas, equivalent, chapter; Lesson (472w) much shorter than RAG content (2564w)"
Chapter 2: Fractions,What We Learn,PARTIAL,0.683,55.0,612,2564,True,"indd, paratha, parathas, chapter, reprint, raman","Missing key RAG terms: indd, paratha, parathas, chapter, reprint, raman; Lesson (612w) much shorter than RAG content (2564w)"
Chapter 2: Fractions,Worked Examples,PARTIAL,0.572,45.0,488,2564,True,"indd, paratha, pieces, parathas, chapter, reprint, raman, make","Missing key RAG terms: indd, paratha, pieces, parathas, chapter, reprint; Lesson (488w) much shorter than RAG content (2564w)"
Chapter 3: Angles as Turns,Recap,GOOD,0.746,65.0,599,1822,True,"clockwise, indd, made, minute, hand","Missing key RAG terms: clockwise, indd, made, minute, hand"
Chapter 3: Angles as Turns,What We Learn,GOOD,0.725,80.0,618,1822,True,"clockwise, indd","Missing key RAG terms: clockwise, indd"
Chapter 3: Angles as Turns,Worked Examples,GOOD,0.762,70.0,624,1822,True,"clockwise, indd, direction, acute","Missing key RAG terms: clockwise, indd, direction, acute"
Chapter 4: We the Travellers — II,Recap,PARTIAL,0.708,25.0,763,7116,True,"indd, travellers, thousand, chapter, reprint, digits, tens, horses, nearest, hundred, following","Missing key RAG terms: indd, travellers, thousand, chapter, reprint, digits; Lesson (763w) much shorter than RAG content (7116w)"
Chapter 4: We the Travellers — II,What We Learn,GOOD,0.713,70.0,786,7116,True,"indd, reprint, tens, horses, following","Missing key RAG terms: indd, reprint, tens, horses, following; Lesson (786w) much shorter than RAG content (7116w)"
Chapter 4: We the Travellers — II,Worked Examples,GOOD,0.698,70.0,567,7116,True,"indd, reprint, between, horses, nearest, following","Missing key RAG terms: indd, reprint, between, horses, nearest, following; Lesson (567w) much shorter than RAG content (7116w)"
Chapter 5: Far and Near,Recap,PARTIAL,0.552,55.0,525,2751,True,"indd, chapter, reprint, find, number, cloth","Missing key RAG terms: indd, chapter, reprint, find, number, cloth; Lesson (525w) much shorter than RAG content (2751w)"
Chapter 5: Far and Near,What We Learn,GOOD,0.57,70.0,673,2751,True,"indd, reprint, find, difference","Missing key RAG terms: indd, reprint, find, difference; Lesson (673w) much shorter than RAG content (2751w)"
Chapter 5: Far and Near,Worked Examples,PARTIAL,0.39,50.0,462,2751,True,"indd, near, chapter, height, reprint, difference, number, cloth","Missing key RAG terms: indd, near, chapter, height, reprint, difference; Lesson (462w) much shorter than RAG content (2751w)"
Chapter 6: The Dairy Farm,Recap,GOOD,0.569,75.0,1042,5267,True,"indd, chapter, reprint, coins, discuss","Missing key RAG terms: indd, chapter, reprint, coins, discuss; Lesson (1042w) much shorter than RAG content (5267w)"
Chapter 6: The Dairy Farm,What We Learn,GOOD,0.512,60.0,585,5267,True,"indd, reprint, following, added, cows, milk, coins, discuss","Missing key RAG terms: indd, reprint, following, added, cows, milk; Lesson (585w) much shorter than RAG content (5267w)"
Chapter 6: The Dairy Farm,Worked Examples,PARTIAL,0.558,45.0,572,5267,True,"dairy, farm, indd, chapter, reprint, following, added, cows, milk, coins, discuss","Missing key RAG terms: dairy, farm, indd, chapter, reprint, following; Lesson (572w) much shorter than RAG content (5267w)"
Chapter 7: Shapes and Patterns,Recap,GOOD,0.546,80.0,542,2403,True,indd,Missing key RAG terms: indd; Lesson (542w) much shorter than RAG content (2403w)
Chapter 7: Shapes and Patterns,What We Learn,GOOD,0.668,80.0,642,2403,True,"sides, indd","Missing key RAG terms: sides, indd; Lesson (642w) much shorter than RAG content (2403w)"
Chapter 7: Shapes and Patterns,Worked Examples,GOOD,0.728,60.0,550,2403,True,"equal, sides, indd, paper","Missing key RAG terms: equal, sides, indd, paper; Lesson (550w) much shorter than RAG content (2403w)"
Chapter 8: Weight and Capacity,Recap,PARTIAL,0.473,35.0,489,3493,True,"indd, chapter, reprint, water, rice, quantity, milk, bottle, petrol","Missing key RAG terms: indd, chapter, reprint, water, rice, quantity; Lesson (489w) much shorter than RAG content (3493w)"
Chapter 8: Weight and Capacity,What We Learn,PARTIAL,0.611,45.0,612,3493,True,"indd, chapter, reprint, water, quantity, milk, weighing, bottle, petrol","Missing key RAG terms: indd, chapter, reprint, water, quantity, milk; Lesson (612w) much shorter than RAG content (3493w)"
Chapter 8: Weight and Capacity,Worked Examples,PARTIAL,0.444,25.0,731,3493,True,"capacity, indd, chapter, reprint, water, rice, quantity, milk, weighing, bottle, petrol","Missing key RAG terms: capacity, indd, chapter, reprint, water, rice; Lesson (731w) much shorter than RAG content (3493w)"
Chapter 9: Coconut Farm,Recap,GOOD,0.726,60.0,565,4318,True,"farm, indd, ones, tens, chapter, reprint, following","Missing key RAG terms: farm, indd, ones, tens, chapter, reprint; Lesson (565w) much shorter than RAG content (4318w)"
Chapter 9: Coconut Farm,What We Learn,GOOD,0.74,65.0,775,4318,True,"farm, indd, ones, tens, chapter, reprint, following","Missing key RAG terms: farm, indd, ones, tens, chapter, reprint; Lesson (775w) much shorter than RAG content (4318w)"
Chapter 9: Coconut Farm,Worked Examples,GOOD,0.731,75.0,737,4318,True,"indd, chapter, reprint, following","Missing key RAG terms: indd, chapter, reprint, following; Lesson (737w) much shorter than RAG content (4318w)"
Shapes and Angles,Recap,PARTIAL,0.687,45.0,549,560,True,"marked, rohini, mohini, make, number, matchsticks, mark, branches","Missing key RAG terms: marked, rohini, mohini, make, number, matchsticks"
Shapes and Angles,What We Learn,PARTIAL,0.668,55.0,470,560,True,"rohini, same, mohini, number, matchsticks, branches","Missing key RAG terms: rohini, same, mohini, number, matchsticks, branches"
Shapes and Angles,Worked Examples,PARTIAL,0.571,45.0,612,560,True,"marked, rohini, same, mohini, equal, matchsticks, mark, branches","Missing key RAG terms: marked, rohini, same, mohini, equal, matchsticks"
The Fish Tale,Recap,PARTIAL,0.685,15.0,564,2377,True,"boat, boats, catch, month, fishermen, bank, long, fresh, find, sell, look, hour, motor","Missing key RAG terms: boat, boats, catch, month, fishermen, bank; Lesson (564w) much shorter than RAG content (2377w)"
The Fish Tale,What We Learn,PARTIAL,0.477,25.0,529,2377,True,"fish, boat, boats, catch, fishermen, bank, long, fresh, sell, hour, motor","Missing key RAG terms: fish, boat, boats, catch, fishermen, bank; Lesson (529w) much shorter than RAG content (2377w)"
The Fish Tale,Worked Examples,PARTIAL,0.584,25.0,782,2377,True,"fish, boat, boats, catch, month, fishermen, bank, long, fresh, sell, hour, motor","Missing key RAG terms: fish, boat, boats, catch, month, fishermen"
